,name,markets,ships_from,products,n_markets
0,Medicamentum,['darkfox'],['United Kingdom'],['Benzos'],1
1,deemzbeemz,['darkfox'],['United States'],['DMT'],1
2,OrganicUKSoil,['darkfox'],['United Kingdom'],['Weed'],1
3,pharmatec,"['darkfox', 'asap']",[],[],2
4,chapowlini,['darkfox'],['Netherlands'],"['Cocaine', 'XTC Pills']",1
5,N8claw,['darkfox'],['Germany'],['Heroin'],1
6,lalilulelokill,['darkfox'],['United Kingdom'],['Concentrates'],1
7,QuantumDocs,['darkfox'],[],['Cards & CVV'],1
8,Biosphere,['darkfox'],['France'],['Other'],1
9,deepmagic,['darkfox'],[],[],1
10,trusteelucky,['darkfox'],[],"['Fraud', 'Other', 'Accounts', 'Data & Scans', 'Cards & CVV', 'Malware', 'Drugs', 'E-Books', 'Videos & Photos', 'Databases', 'Hacking']",1
11,Drugsdotcom,['darkfox'],['United States'],"['Hydrocodone', 'Oxycodone', 'Adderal', 'Opium', 'Morphine', 'Stimulants']",1
12,ICEGOD,"['darkfox', 'asap']",['Canada'],['Methamphetamine'],2
13,danielvitor61,"['darkfox', 'asap']",[],[],2
14,hentaigod,['darkfox'],['Germany'],['Amphetamine'],1
15,mysteryland,"['silkroad', 'vice city', 'darkfox', 'asap']",['Germany'],"['Speed', 'Ecstasy']",4
16,DopeNL,['darkfox'],['Netherlands'],"['MDMA', 'Cocaine', 'Heroin']",1
17,MobTies,['darkfox'],[],[],1
18,bolivianlord,['darkfox'],[],[],1
19,jaketheplug,['darkfox'],[],[],1
20,LaLaLandUK,['darkfox'],[],"['Other', 'E-Books']",1
21,UnKnoWn7GodZ,['darkfox'],[],[],1
22,mythbusters,"['vice city', 'darkfox']",['Netherlands'],"['Cocaine', 'Amphetamine', 'LSD', 'XTC Pills', 'MDMA', 'Weed', 'Heroin', 'Ketamine']",2
23,chemdelacreme,['darkfox'],['United Kingdom'],"['Adderal', 'Amphetamine', 'Weed', 'Benzos', 'Concentrates']",1
24,SubWaYsFiNesT,['darkfox'],[],[],1
25,shroomery,"['vice city', 'asap', 'darkfox']",['Germany'],['Mushrooms'],3
26,Popesstash,['darkfox'],[],[],1
27,mushroomchick,['darkfox'],['United States'],['Mushrooms'],1
28,LauraSilver,"['silkroad', 'darkfox']",['Germany'],"['Buds & Flowers', 'Weed']",2
29,LinRita20,['darkfox'],[],[],1
30,eternos,['darkfox'],[],[],1
31,Hackerprof,['darkfox'],[],"['Services', 'Malware']",1
32,Drmeds,['darkfox'],['United States'],"['Oxycodone', 'Methadone', 'Adderal', 'Relaxants']",1
33,dutchconnect,['darkfox'],['United Kingdom'],"['Money', 'Weed', 'Services', 'Heroin', 'Fake IDs', 'LSD', 'Benzos', 'Dumps', 'Cocaine', 'Oxycodone']",1
34,stonesthrowJ,['darkfox'],['United States'],"['Weed', 'Money', 'Drugs', 'Methadone', 'Codeine', 'XTC Pills', 'MDMA', 'Morphine']",1
35,UStoUS,"['vice city', 'darkfox']",['United States'],"['Stimulants', 'Adderal', 'Oxycodone', 'Morphine', 'Hydrocodone', 'Methadone']",2
36,deerplug,['darkfox'],[],[],1
37,GermanDreams,['darkfox'],[],[],1
38,herbandculture,['darkfox'],['United States'],['Mushrooms'],1
39,pimpinbaby,['darkfox'],[],"['Data & Scans', 'Personal Info', 'Fraud', 'Accounts & Drops']",1
40,DutchMagic,"['darkfox', 'asap']",['Netherlands'],"['LSD', 'Ketamine', '2C', 'Cocaine', 'MDMA']",2
41,LucySkyDiamond,['darkfox'],[],[],1
42,meds2buy,"['silkroad', 'darkfox']",['United States of America'],"['Oxycodon', 'Ecstasy']",2
43,BumbleBee,['darkfox'],['Australia'],"['Other', 'Relaxants', 'Stimulants']",1
44,Wgrowergirlz,['darkfox'],['France'],['Drugs'],1
45,dreamliner777,"['silkroad', 'darkfox']",['United Kingdom'],"['Cocaine', 'Speed', 'Heroin']",2
46,evola,['darkfox'],[],"['Personal Info', 'Cards & CVV']",1
47,MARKNEWS,['darkfox'],"['United States', 'Russian Federation', 'Cura√ßao', 'Canada', 'Andorra']","['Electronics', 'Other', 'Adderal', 'Drugs', 'Accounts', 'Services', 'Ketamine']",1
48,drugzone,['darkfox'],[],[],1
49,Breakdown,['darkfox'],[],"['Accounts & Drops', 'Cards & CVV']",1
50,eastcoastsesh,['darkfox'],['United States'],"['Edibles', 'Weed']",1
51,drugsource,"['silkroad', 'darkfox']",['France'],"['Heroin', 'Ecstasy']",2
52,wwcs2020,"['vice city', 'darkfox']",['Netherlands'],"['Methamphetamine', 'DMT', 'XTC Pills']",2
53,Blackeagle26,['darkfox'],[],['Methamphetamine'],1
54,trustmed,['darkfox'],"['Germany', 'Australia']","['Weed', 'Oxycodone', 'Hacking', 'LSD', 'Money', 'Ketamine', 'XTC Pills', 'Hash', 'Databases', 'Methamphetamine', 'Fraud', 'Adderal', 'Cocaine', 'Benzos', 'Cards & CVV', 'Heroin']",1
55,power11,['darkfox'],[],[],1
56,Schneider,['darkfox'],['Germany'],['Cocaine'],1
57,majordan,['darkfox'],[],[],1
58,ixef,['darkfox'],[],['Data & Scans'],1
59,leparfait,['darkfox'],[],[],1
60,Katarina,['darkfox'],[],"['Accounts', 'Other', 'E-Books']",1
61,club33,['darkfox'],['United Kingdom'],"['Cocaine', 'Benzos']",1
62,DrYousef,['darkfox'],['United States'],"['Other', 'Morphine', 'E-Books']",1
63,petet0ng,['darkfox'],[],['Concentrates'],1
64,PharmaFR,"['darkfox', 'asap']",['France'],"['Methamphetamine', 'LSD', 'MDMA', 'Methadone', 'Heroin', 'Ketamine']",2
65,CartPusher,['darkfox'],['United States'],"['Edibles', 'Weed', 'Concentrates']",1
66,KingofEuros,['darkfox'],['Germany'],['Money'],1
67,DisneyLand,['darkfox'],[],[],1
68,AllStarsEXPRES,['darkfox'],['Germany'],['Weed'],1
69,ExpressService,"['vice city', 'darkfox', 'asap']",['Germany'],"['DMT', 'Amphetamine']",3
70,suomenninja,['darkfox'],['Finland'],['Weed'],1
71,Puhdas,['darkfox'],['Finland'],"['Ketamine', 'Cocaine']",1
72,Canadabis,['darkfox'],['Canada'],"['MDMA', 'Cocaine', 'Weed', 'XTC Pills']",1
73,Sbright,['darkfox'],['United States'],"['Opium', 'Weed', 'Benzos', 'Cocaine', 'Adderal', 'Stimulants', 'Oxycodone', 'Hydrocodone', 'Morphine', 'Methamphetamine', 'Ketamine']",1
74,snowflakes,['darkfox'],['United Kingdom'],['Cocaine'],1
75,NinjaCowboy,['darkfox'],[],[],1
76,ramashkaCC,['darkfox'],[],['Cards & CVV'],1
77,ikumnyilite,['darkfox'],[],"['Cards & CVV', 'Databases']",1
78,procarder,['darkfox'],[],[],1
79,nitrohamster,['darkfox'],['Australia'],['Weed'],1
80,Axelrod,['darkfox'],[],['Cards & CVV'],1
81,mfj0nes,['darkfox'],[],[],1
82,amnezia,['darkfox'],['Spain'],['Weed'],1
83,Herbalist,['darkfox'],['Spain'],['Weed'],1
84,YoungAmsterdam,['darkfox'],"['Germany', 'Netherlands']","['Ketamine', 'Cocaine', 'LSD', 'MDMA', 'Crack', 'Drugs']",1
85,ChilledFrogUK,['darkfox'],['United Kingdom'],"['Stimulants', 'Relaxants', 'Amphetamine']",1
86,Emperorman,['darkfox'],[],"['Databases', 'E-Books', 'Fake IDs']",1
87,shadaloo,['darkfox'],[],[],1
88,PickwckFctryNL,['darkfox'],['Netherlands'],"['2C', 'Heroin', 'Ketamine', 'LSD', 'Cocaine', 'XTC Pills', 'Hash']",1
89,PlntHollywood,['darkfox'],[],[],1
90,darkalias,['darkfox'],[],[],1
91,Narcotics,['darkfox'],[],[],1
92,FrankTheBunny,['darkfox'],['United Kingdom'],"['Steroids', 'Weed']",1
93,maverick111,['darkfox'],['United States'],['Benzos'],1
94,goddystuff77,['darkfox'],[],[],1
95,ganoliman,['darkfox'],['United States'],"['Benzos', 'Weed']",1
96,TheRxPharma,['darkfox'],"['United States', 'India', 'United States Minor Outlying Islands']","['Relaxants', 'Benzos', 'Stimulants']",1
97,bigpharmaswiss,['darkfox'],[],[],1
98,gernarc,['darkfox'],['Germany'],['Weed'],1
99,Powermix,['darkfox'],['Germany'],"['Weed', 'Cocaine']",1
100,cloudflare,['darkfox'],[],['Cards & CVV'],1
101,thehappybear,['darkfox'],[],[],1
102,Topboy,['darkfox'],['United Kingdom'],"['Benzos', 'Amphetamine', 'Weed', 'XTC Pills']",1
103,shan,['darkfox'],[],[],1
104,LilyLotusUK,['darkfox'],[],[],1
105,terrysukstock,"['silkroad', 'darkfox']","['United Kingdom of Great Britain', 'United Kingdom']","['Pills', 'Benzos']",2
106,HigherGrade,['darkfox'],[],[],1
107,Psychedelica,['darkfox'],[],"['Amphetamine', 'MDMA', 'XTC Pills', 'Ketamine', '2C', 'LSD', 'Methamphetamine', 'Cocaine']",1
108,greenfox,['darkfox'],[],"['Weed', 'Concentrates']",1
109,tomandjerry,"['silkroad', 'vice city', 'darkfox']",['Netherlands'],"['DMT', 'Cocaine', 'Heroin', 'LSD', 'Ecstasy', 'Ketamine', 'Crack', 'MDMA']",3
110,Legendary,['darkfox'],[],"['Fraud', 'Data & Scans', 'Other', 'Drugs', 'Hacking', 'Security', 'Security Software', 'E-Books']",1
111,KeepItFresh,['darkfox'],[],[],1
112,ExpressDrugs,['darkfox'],[],[],1
113,gonzale5,['darkfox'],['United Kingdom'],"['Amphetamine', 'Weed']",1
114,HotShop,"['silkroad', 'darkfox']",['Greenland'],"['Ships From: ', 'Drugs', 'Fraud', 'Fake IDs', 'Security', 'E-Books', 'Services', 'Socks', 'Hacking']",2
115,moowmoow,"['silkroad', 'darkfox']","['Malta', 'Albania']",['Mushrooms'],2
116,trazy15,['darkfox'],['United States'],"['Opium', 'Methadone', 'Adderal', 'Hydrocodone', 'Other', 'Oxycodone']",1
117,timmy622,['darkfox'],['United Kingdom'],['Cocaine'],1
118,blacknoir,['darkfox'],['United States'],"['Ketamine', 'Methamphetamine', 'GHB']",1
119,AAquality,['darkfox'],[],[],1
120,rabbithole,['darkfox'],['Canada'],['Mushrooms'],1
121,tig3r,['darkfox'],['United Kingdom'],"['Ketamine', 'Weed']",1
122,Syndikat,['darkfox'],['Germany'],['Heroin'],1
123,memo657,['darkfox'],['United States'],"['Crack', 'Cocaine']",1
124,tereifer,['darkfox'],['Spain'],['Weed'],1
125,TulipNL,"['vice city', 'darkfox', 'asap']",['Netherlands'],"['LSD', 'XTC Pills']",3
126,GreenLeafDE,"['silkroad', 'darkfox']",['Germany'],"['Buds & Flowers', 'LSD', 'Weed', 'Amphetamine']",2
127,merchantlabs,['darkfox'],[],"['Databases', 'Socks', 'Hosting']",1
128,Sakari,['darkfox'],['Finland'],['Weed'],1
129,ROZZBY,['darkfox'],['United States'],"['Ketamine', 'Oxycodone', 'Stimulants', 'Money', 'Cocaine', 'Heroin', 'Other']",1
130,benzodiazepine,['darkfox'],[],[],1
131,UberShop,['darkfox'],['United Kingdom'],"['Edibles', 'Weed', 'Hash', 'Stimulants']",1
132,Panacea05,['darkfox'],['United States'],['Stimulants'],1
133,DrunkNinja,['darkfox'],[],"['Other', 'Fraud', 'Malware', 'Crypters', 'Hacking', 'Botnets']",1
134,TheGrandWizard,['darkfox'],[],[],1
135,gblSupply,['darkfox'],['Germany'],"['Other', 'GBL', 'Benzos']",1
136,Profiron,['darkfox'],[],[],1
137,blackmanba1fe,['darkfox'],['France'],['Other'],1
138,DrugzFromNL,['darkfox'],[],[],1
139,Prolific,['darkfox'],['United Kingdom'],"['Weed', 'Adderal', 'Personal Info']",1
140,rxsub,"['vice city', 'darkfox']",[],[],2
141,WeedWitch2020,['darkfox'],[],[],1
142,speedygonzalez,"['vice city', 'darkfox']",[],[],2
143,LucyShop,['darkfox'],[],[],1
144,Skyscraper,['darkfox'],[],[],1
145,savesballstore,['darkfox'],['United States'],['Cocaine'],1
146,winterdreamer,['darkfox'],[],[],1
147,mushmedic,"['silkroad', 'vice city', 'darkfox', 'asap']",['Canada'],['Mushrooms'],4
148,datakali,['darkfox'],[],['Personal Info'],1
149,scrypto1123,"['silkroad', 'darkfox']","['United States', 'Not Specified']","['Carded Items', 'Meth', 'Others', 'Xanax', 'Heroin', 'Methamphetamine', 'Other']",2
150,narcofacemask,['darkfox'],[],[],1
151,Lemmonflavor,"['silkroad', 'darkfox', 'asap']","['United States of America', 'United States']",['Edibles'],3
152,Odessy007,"['vice city', 'darkfox']",['United States'],['Oxycodone'],2
153,TheSpecialist,['darkfox'],[],['Hacking'],1
154,private1506,['darkfox'],[],[],1
155,Insta,['darkfox'],['United States'],['Cocaine'],1
156,ConnectPL,['darkfox'],[],[],1
157,budz,['darkfox'],[],['Weed'],1
158,TheOxyMen,"['white house', 'vice city', 'empire', 'darkfox', 'asap']",['United Kingdom'],"['GHB', 'Codeine', 'Relaxants', 'Mushrooms', 'LSD', 'Ketamine', 'Oxycodone', 'Cocaine', 'Other', 'Stimulants', 'Methamphetamine', 'Benzos', 'GBL', 'XTC Pills']",5
159,DrugzDealerNRW,['darkfox'],['Germany'],"['Methamphetamine', 'Cocaine']",1
160,procarder2,"['silkroad', 'darkfox', 'asap']",['Costa Rica'],"['Ships From: ', 'Fraud Software', 'Cards & CVV', 'Fraud', 'Rats', 'Accounts & Drops']",3
161,greatwhite,['darkfox'],[],[],1
162,WizardofOZs,"['silkroad', 'darkfox']",['United States of America'],['Buds & Flowers'],2
163,darkapo,['darkfox'],['Germany'],['Adderal'],1
164,Godelicious,['darkfox'],['Germany'],"['Cocaine', 'MDMA', 'LSD', 'XTC Pills']",1
165,RanjidPanjid,['darkfox'],[],['Fraud'],1
166,Wonderman,['darkfox'],[],[],1
167,DopeSeller,"['vice city', 'darkfox']",['Netherlands'],"['LSD', 'MDMA', 'Cocaine', 'Ketamine', '2C']",2
168,amazingstore77,['darkfox'],['United States'],"['Adderal', 'Money', 'Services', 'Weed', 'Benzos', 'Fraud', 'Stimulants', 'Oxycodone', 'Cocaine', 'LSD', 'Concentrates']",1
169,cjack8102,['darkfox'],[],[],1
170,fungifunguy,['darkfox'],[],[],1
171,LaFamilia55,['darkfox'],['Spain'],"['Weed', 'Hash']",1
172,digitalxshop,['darkfox'],[],"['Other', 'Malware', 'Exploits', 'E-Books', 'Data & Scans', 'Software Keys', 'Exploit Kits', 'Crypters', 'Botnets', 'Hacking']",1
173,SPTRLTD,['darkfox'],"['United Kingdom', 'Thailand']","['Cards & CVV', 'Fake IDs', 'Other', 'Tobacco', 'Hacking', 'Botnets', 'Miscellaneous', 'Cocaine', 'Fraud']",1
174,GomerPyle,['darkfox'],[],[],1
175,prodigy,['darkfox'],[],[],1
176,deller,['darkfox'],[],['Cards & CVV'],1
177,TorDrug,"['darkfox', 'asap']",['France'],"['Stimulants', 'Weed', 'Hash']",2
178,TheRussianHack,['darkfox'],[],['Software Keys'],1
179,TheShroomRoom,['darkfox'],['United States'],['Mushrooms'],1
180,drhack3r,['darkfox'],[],[],1
181,Drugeroo,['darkfox'],['United Kingdom'],"['Benzos', 'Weed', 'Drugs']",1
182,thetrueacid,['darkfox'],[],[],1
183,WhiteEnigma,['darkfox'],[],"['Hacking', 'Botnets', 'Accounts & Drops', 'Malware']",1
184,chucksman92,['darkfox'],['Germany'],"['2C', 'Cocaine', 'Ketamine', 'Benzos', 'Money', 'Hacking', 'Weed', 'Cards & CVV', 'Methadone', 'Hydrocodone', 'Fake IDs', 'Hash', 'Stimulants', 'XTC Pills', '5-MeO', 'Jewelry & Gold', 'Heroin', 'Steroids', 'Codeine', 'Services']",1
185,HoneyPotFarms,['darkfox'],[],[],1
186,ganjahero,['darkfox'],['United States'],"['Weed', 'Concentrates']",1
187,Martell,['darkfox'],['United Kingdom'],"['Cocaine', 'Weed']",1
188,HoldmyHand,['darkfox'],['United States'],"['Opium', 'Methadone', 'Adderal', 'Hydrocodone', 'Oxycodone', 'Stimulants', 'Morphine']",1
189,auscardking,['darkfox'],[],['Accounts & Drops'],1
190,azactive,['darkfox'],[],[],1
191,DreamWeaver,"['darkfox', 'asap']",['United Kingdom'],"['Amphetamine', 'Weed']",2
192,Arbeitsamt,['darkfox'],[],[],1
193,Frenchquality,['darkfox'],['France'],"['Heroin', 'Cocaine', 'Benzos', 'Methadone', 'Relaxants']",1
194,addystarr,['darkfox'],['United States'],"['Stimulants', 'Other']",1
195,DBProvider,['darkfox'],[],['Personal Info'],1
196,JOYinc,"['silkroad', 'darkfox', 'asap']","['United States of America', 'United States']","['Ketamine', 'Ecstasy', 'Cocaine', 'LSD', 'MDMA', 'Methamphetamine']",3
197,topmoneymaker,['darkfox'],[],[],1
198,ukpharma,['darkfox'],[],[],1
199,monkeyforty7,['darkfox'],[],[],1
200,Copek,"['vice city', 'darkfox']",['France'],"['MDMA', 'Weed', 'Hash', 'Cocaine']",2
201,CCARDTEL,['darkfox'],[],[],1
202,partygirlinc,['darkfox'],['United States'],"['Benzos', 'MDMA', 'Stimulants']",1
203,lloydspharma,"['vice city', 'darkfox']",['United Kingdom'],"['Oxycodone', 'Heroin', 'Opium', 'Stimulants', 'Amphetamine', 'Weed']",2
204,blackmagicplc,"['vice city', 'darkfox']",['United Kingdom'],['Cocaine'],2
205,superweedsonic,"['silkroad', 'darkfox']",['Austria'],['Pills'],2
206,high361,['darkfox'],[],[],1
207,FrancExsta,['darkfox'],['France'],"['Amphetamine', 'MDMA', 'Ketamine', 'XTC Pills']",1
208,aztrakarda,['darkfox'],[],['Data & Scans'],1
209,auspharma,['darkfox'],[],[],1
210,Borderless,['darkfox'],['United Kingdom'],"['Edibles', 'Concentrates', 'Weed', 'Hash', 'Benzos']",1
211,MyNarcotics,['darkfox'],[],[],1
212,samsungman,['darkfox'],['United States'],"['Accounts & Drops', 'Miscellaneous', 'Services', 'Clothing', 'Hosting', 'Money', 'Fake IDs']",1
213,expectus,['darkfox'],[],[],1
214,Wilsonmeths,['darkfox'],[],"['Benzos', 'XTC Pills']",1
215,psychonaut999,['darkfox'],['United Kingdom'],['Oxycodone'],1
216,Weedpost,['darkfox'],['Germany'],['Weed'],1
217,Xanking,['darkfox'],[],[],1
218,starwars,['darkfox'],[],"['Accounts', 'Fraud']",1
219,mrsnowbaby,['darkfox'],['France'],"['Weed', 'Benzos', 'Codeine']",1
220,elephantcastle,['darkfox'],['United Kingdom'],"['RCs', 'Benzos', 'Amphetamine', 'Adderal']",1
221,staubitz99,['darkfox'],[],[],1
222,empathogene,['darkfox'],[],[],1
223,HeartKidnapper,"['vice city', 'asap', 'darkfox']",[],"['Cards & CVV', 'Hacking', 'Fraud']",3
224,HappyShopOrigi,"['darkfox', 'asap']",[],"['Leaks', 'Hacking', 'Rats', 'Electronics', 'Clothing', 'Accounts & Drops', 'Cards & CVV', 'Dumps', 'Miscellaneous', 'Other']",2
225,Corleones,['darkfox'],[],[],1
226,YourDealer,"['vice city', 'darkfox']",['Germany'],['Weed'],2
227,PSteroids,"['vice city', 'darkfox', 'asap']",[],['Steroids'],3
228,sexyhomer,['darkfox'],['China'],['Jewelry & Gold'],1
229,amaweed,['darkfox'],['France'],['Weed'],1
230,TheMasterKey,['darkfox'],[],[],1
231,lutonlu,"['darkfox', 'asap']",['Estonia'],"['Accounts', 'Jewelry & Gold']",2
232,CafeNero,"['vice city', 'darkfox']","['United States', 'United Kingdom']","['Mushrooms', 'Methamphetamine', 'Stimulants', 'Oxycodone', 'Cocaine', 'Benzos', 'Heroin Black Tar', 'Adderal', 'Heroin', 'MDMA', 'Ketamine', 'LSD', 'Weed']",2
233,WasntMe,['darkfox'],[],[],1
234,craigman,"['darkfox', 'asap']",['United States'],['Benzos'],2
235,naberya56,['darkfox'],[],[],1
236,LazySunday,['darkfox'],['Bulgaria'],"['Benzos', 'Stimulants', 'Other']",1
237,ddprovider,"['darkfox', 'asap']",[],"['Fraud', 'Personal Info']",2
238,chicagobud,['darkfox'],[],[],1
239,KitkatAB,['darkfox'],['Mexico'],['Data & Scans'],1
240,RockStarPILSNL,['darkfox'],['Netherlands'],"['Cocaine', 'XTC Pills']",1
241,DopingDuck,['darkfox'],['Netherlands'],"['Methamphetamine', 'Cocaine', 'Amphetamine']",1
242,heromeister,['darkfox'],['Germany'],['Heroin'],1
243,PrescoxySquad,"['darkfox', 'asap']",[],[],2
244,GamersHells,['darkfox'],['United States'],"['Oxycodone', 'Benzos', 'Cocaine', 'Weed', 'XTC Pills', 'RCs', 'Codeine', 'Concentrates', 'Hash', 'Edibles', 'DMT', 'Heroin', 'Mushrooms', 'Methadone']",1
245,yoshisteam,['darkfox'],[],"['Security', 'Fraud', 'Dumps', 'Accounts & Drops', 'Accounts', 'Services', 'Hacking', 'Security Software']",1
246,powderhome,['darkfox'],['United States'],"['Adderal', 'Benzos', 'Oxycodone', 'Ketamine', 'XTC Pills']",1
247,incognitous,"['silkroad', 'darkfox', 'asap']",['United States of America'],"['Ships From: ', 'Personal Info', 'Accounts & Drops']",3
248,dotzero,['darkfox'],[],"['Services', 'Accounts & Drops', 'Other', 'Dumps', 'Hacking', 'Fraud', 'Cards & CVV', 'Databases']",1
249,ThaKingDadpop,['darkfox'],"['United States', 'France']","['Opium', 'GHB', 'Other', 'Benzos', 'Ketamine', 'Weed', 'Stimulants', 'Cocaine', 'Methamphetamine', 'MDMA']",1
250,bestmeds,['darkfox'],['United States'],"['Money', 'Ketamine', 'Codeine', 'Oxycodone', 'Benzos', 'Adderal']",1
251,thundergod,['darkfox'],[],[],1
252,PsychoRev,['darkfox'],[],[],1
253,FlyingDrugzMan,"['vice city', 'darkfox']",['Netherlands'],"['Weed', 'Ketamine', 'XTC Pills', 'Cocaine']",2
254,nakkie,['darkfox'],[],[],1
255,Pinoccio,['darkfox'],['Germany'],"['MDMA', 'Amphetamine', 'Ketamine', 'Cocaine', 'Heroin', 'Hash', 'XTC Pills']",1
256,klaasflakko,"['darkfox', 'asap']",[],[],2
257,dmtcarts,['darkfox'],[],[],1
258,Shorestore,"['vice city', 'darkfox']",['Germany'],['Heroin'],2
259,Trapgod,['darkfox'],['Germany'],"['Weed', 'Hash']",1
260,QualiMoon,['darkfox'],['United States'],['Codeine'],1
261,JamesOcean,['darkfox'],[],[],1
262,maurelius,"['silkroad', 'vice city', 'darkfox', 'asap']","['United Kingdom of Great Britain', 'United Kingdom']","['Hash', 'Buds & Flowers', 'Weed', 'Cocaine']",4
263,dpdutchrunners,"['silkroad', 'darkfox']",['Germany'],"['Ecstasy', 'Heroin']",2
264,MrM420,"['silkroad', 'darkfox']",['United Kingdom'],['Weed'],2
265,projeccao,"['silkroad', 'vice city', 'darkfox', 'asap']",['France'],"['Ecstasy', 'LSD', 'Weed', 'XTC Pills', 'MDMA']",4
266,Pillenschleude,['darkfox'],['Germany'],['Adderal'],1
267,FGWL,['darkfox'],[],[],1
268,PTGS,['darkfox'],[],[],1
269,youbeenhacked,['darkfox'],[],['Socks'],1
270,usapharm,"['vice city', 'darkfox']",['United States'],"['Stimulants', 'Benzos', 'Relaxants']",2
271,cheaplikedirt,['darkfox'],['United States'],"['Other', 'Ketamine', 'Cocaine', 'Drugs']",1
272,Firefly,['darkfox'],['Netherlands'],"['Heroin', 'Codeine', 'Ketamine', 'Stimulants', 'Oxycodone', 'XTC Pills', 'MDMA', 'Cocaine', 'Adderal', 'Benzos']",1
273,DumpsTracks,"['darkfox', 'asap']",[],"['Dumps', 'Personal Info', 'Data & Scans']",2
274,thcwizzard,['darkfox'],[],[],1
275,TrustMatters,['darkfox'],[],[],1
276,CosmicCannabis,['darkfox'],['United States'],"['Edibles', 'Concentrates']",1
277,gwolf,"['darkfox', 'asap']",[],['Data & Scans'],2
278,alibaba,['darkfox'],['France'],"['Cocaine', 'Heroin']",1
279,MarioUndPeach,['darkfox'],['Germany'],['Weed'],1
280,MembersOnly,['darkfox'],[],[],1
281,thesandman,['darkfox'],['United Kingdom'],['Benzos'],1
282,MOLADVI,['darkfox'],['United States'],['Money'],1
283,maltamagic,['darkfox'],['United Kingdom'],"['Jewelry & Gold', 'Weed', 'Data & Scans']",1
284,blackmarket,"['silkroad', 'vice city', 'darkfox', 'asap']",['Belgium'],"['Ships From: ', 'Other Digital Products', 'Fraud Software', 'Services', 'Fraud']",4
285,drogenbauer,['darkfox'],[],[],1
286,CB2020,['darkfox'],[],[],1
287,weaver777,['darkfox'],['United Kingdom'],"['Ketamine', 'Weed']",1
288,PharmaWorldUK,"['vice city', 'darkfox', 'asap']",['United Kingdom'],"['Codeine', 'Oxycodone', 'Benzos', 'Ketamine', 'Amphetamine']",3
289,darkzone,['darkfox'],['Germany'],"['Cocaine', 'Amphetamine', 'XTC Pills']",1
290,ladyskywalker,['darkfox'],['United States'],"['Cards & CVV', 'Money', 'Accounts & Drops', 'Fake IDs']",1
291,premierpharma,['darkfox'],['United Kingdom'],"['Benzos', 'Codeine', 'Morphine', 'Relaxants', 'Other', 'Steroids']",1
292,peterpaperguy,['darkfox'],['United States'],"['Fraud', 'Data & Scans', 'Fake IDs', 'E-Books']",1
293,malwareshop,['darkfox'],[],['Fraud'],1
294,shroomers,['darkfox'],['Canada'],['Mushrooms'],1
295,dutchunited,['darkfox'],['Netherlands'],"['MDMA', 'XTC Pills', 'Cocaine']",1
296,fastfrance,['darkfox'],"['United Kingdom', 'France']","['Weed', 'Hash', 'Concentrates']",1
297,dumbledore,['darkfox'],['Canada'],['Weed'],1
298,SimonsToolBox,['darkfox'],[],[],1
299,dreamstore,['darkfox'],"['Germany', 'United States']","['Money', 'Fake IDs', 'Databases']",1
300,koko44,['darkfox'],[],[],1
301,cocokingz,"['darkfox', 'asap']","['Netherlands', 'Germany']","['Heroin', 'Cocaine', 'Hash']",2
302,happyseller1,['darkfox'],['Germany'],"['Services', 'Accounts & Drops', 'Cards & CVV', 'Fake IDs', 'Data & Scans', 'Hacking', 'Software Keys', 'Security', 'Accounts']",1
303,Kontaktmann,['darkfox'],[],[],1
304,fuckmeloud,['darkfox'],"['United States', 'Armenia', 'United Kingdom']","['Stimulants', 'Accounts', 'Concentrates', 'Oxycodone', 'Cocaine', 'Cards & CVV', 'Money', 'Ketamine', 'Weed']",1
305,topshopuk,"['darkfox', 'asap']",['United Kingdom'],['Cocaine'],2
306,RaymondRay,['darkfox'],['Netherlands'],"['Weed', 'DMT', 'Cocaine', 'XTC Pills', 'Benzos', 'Hash', 'Oxycodone', 'Opium', 'Methoxetamine', 'Stimulants', 'LSD', 'Mushrooms', 'MDMA', 'Amphetamine', 'Crack', 'Concentrates']",1
307,rapesec,['darkfox'],[],"['Fraud', 'Hacking', 'Security']",1
308,neighborjimi,['darkfox'],['Netherlands'],"['LSD', 'Ketamine', 'Methamphetamine', 'Cocaine']",1
309,WVANORANJE,['darkfox'],['Netherlands'],"['MDMA', 'XTC Pills', 'Heroin', 'Amphetamine', 'Cocaine', 'LSD', 'Ketamine']",1
310,accountisland,['darkfox'],[],[],1
311,lucky,['darkfox'],['United States'],"['Weed', 'Edibles', 'Concentrates']",1
312,momox,['darkfox'],"['Austria', 'Germany']","['Opium', 'Methamphetamine', 'DMT', 'Heroin', 'Benzos', 'LSD']",1
313,Ghost1,['darkfox'],[],[],1
314,DrOetkerDE,['darkfox'],[],[],1
315,BobShop,['darkfox'],[],[],1
316,realchemsuppli,['darkfox'],['China'],"['Benzos', 'RCs', 'Crack', 'Cocaine', 'Ketamine', 'Methamphetamine']",1
317,CardsRus,['darkfox'],[],"['Data & Scans', 'Personal Info']",1
318,tony420,['darkfox'],[],[],1
319,derDeutsche,['darkfox'],['Germany'],['Drugs'],1
320,TheHappyDwarf,"['darkfox', 'asap']",['Spain'],"['Hash', 'Weed', 'XTC Pills']",2
321,Cali420Service,['darkfox'],['United States'],"['Concentrates', 'Weed']",1
322,loyalty,['darkfox'],['France'],"['Accounts', 'Services', 'XTC Pills', 'Other', 'Fraud', 'Cards & CVV', 'Accounts & Drops', 'Security Software', 'Hacking', 'Leaks', 'Fake IDs']",1
323,ShamanUK,['darkfox'],['Ireland'],"['LSD', 'DMT']",1
324,supreamkiller,['darkfox'],[],"['Personal Info', 'Accounts & Drops', 'Fraud']",1
325,Versus,['darkfox'],['United States'],"['Weed', 'Codeine', 'Benzos', 'Steroids', 'Concentrates', 'Adderal', 'LSD', 'DMT', 'Mushrooms', '2C', 'MDMA', 'Methoxetamine', 'Hash', 'Cocaine', 'Other', 'Edibles', 'Ketamine']",1
326,XPress,['darkfox'],[],[],1
327,carlosmano,['darkfox'],[],"['Accounts', 'Miscellaneous']",1
328,friday13th,['darkfox'],[],"['Miscellaneous', 'Fraud']",1
329,DopeMastersNL,['darkfox'],[],[],1
330,2GD4DN,"['silkroad', 'darkfox']",['Netherlands'],"['LSD', 'Cocaine']",2
331,candyonline,['darkfox'],['Netherlands'],['Money'],1
332,globalstims,['darkfox'],[],[],1
333,unitedpharma,"['darkfox', 'asap']",['United States'],['Benzos'],2
334,JamalsPlantage,['darkfox'],['Germany'],['Weed'],1
335,PILLSDr,"['vice city', 'darkfox']",[],['Benzos'],2
336,pure,['darkfox'],[],[],1
337,cityshop,['darkfox'],['United States'],"['Benzos', 'Oxycodone', 'Accounts & Drops', 'Cards & CVV', 'Money', 'XTC Pills', 'Cocaine', 'Accounts', 'LSD', 'Hydrocodone']",1
338,dulcecuarenten,['darkfox'],[],[],1
339,NewYorker,['darkfox'],[],[],1
340,ITPharmaMarket,['darkfox'],['United Kingdom'],['Benzos'],1
341,drritalin,['darkfox'],['Germany'],['Adderal'],1
342,fungee,['darkfox'],[],[],1
343,speedzone,['darkfox'],[],[],1
344,UKshop,['darkfox'],[],[],1
345,Whiteboard,['darkfox'],['Switzerland'],['Adderal'],1
346,DopeThrone,['darkfox'],[],[],1
347,DrRelax,"['white house', 'vice city', 'torrez', 'cartel', 'darkfox']",['United Kingdom'],"['Weed', 'Amphetamine', 'Stimulants', 'Cocaine']",5
348,MrSoSa,['darkfox'],[],[],1
349,alphaking,['darkfox'],[],[],1
350,TheMajor,['darkfox'],[],[],1
351,vendorcz,"['silkroad', 'darkfox']",['Czech Republic'],"['MDMA', 'Cocaine', 'Meth', 'Hash']",2
352,DutchDrugs,['darkfox'],[],[],1
353,High00,['darkfox'],['United States'],"['Methamphetamine', 'DMT', 'GHB', 'Mushrooms', 'Crack', 'MDMA', 'Weed']",1
354,Blueskies1337,"['vice city', 'cartel', 'icarus', 'darkfox']",['United States'],"['E-Books', 'Exploits', 'Miscellaneous', 'Other', 'Leaks', 'Benzos', 'Accounts & Drops', 'Rats']",4
355,whitebuddha,['darkfox'],['United States'],['Cocaine'],1
356,kingaccount,['darkfox'],[],[],1
357,Oregon21,['darkfox'],['United States'],"['Oxycodone', 'Benzos', 'Cards & CVV', 'LSD', 'Adderal', 'Opium', 'Methadone', 'DMT', 'Codeine', 'Ketamine']",1
358,cmoney345,"['vice city', 'darkfox', 'asap']",[],[],3
359,originalgermed,['darkfox'],['Germany'],['Oxycodone'],1
360,Cookiesncream,['darkfox'],['United States'],['Benzos'],1
361,shimshai,"['silkroad', 'darkfox']","['United States of America', 'United States']","['DMT', 'Mushrooms']",2
362,Drugbuster,['darkfox'],['United Kingdom'],['Cocaine'],1
363,bestket,['darkfox'],[],[],1
364,GermanService,['darkfox'],[],[],1
365,delchapo,['darkfox'],[],[],1
366,amazoncrime,"['silkroad', 'vice city', 'darkfox']",['Austria'],"['eBooks', 'Speed', 'LSD', 'Meth', 'Methamphetamine', 'Services', 'Malware', 'Heroin', 'Hash', 'Amphetamine', 'Weed', 'Hacking']",3
367,Feinschmecker,['darkfox'],['Germany'],"['Weed', 'Hash']",1
368,MickeyMouseNL,"['silkroad', 'darkfox']",['Netherlands'],"['Heroin', 'Ecstasy', 'Cocaine', 'Ketamine', 'LSD']",2
369,Baronwhite,['darkfox'],['United States'],"['Mushrooms', 'Heroin', 'Seeds', 'Money', 'Other', 'DMT', 'Cards & CVV', 'Hash', 'Amphetamine', 'Weed', 'Methamphetamine', 'LSD', 'MDMA', 'XTC Pills', 'Concentrates', 'Stimulants', 'Oxycodone', 'Ketamine']",1
370,whitebeer,"['silkroad', 'darkfox', 'asap']",['United States of America'],['Ships From: '],3
371,billybobshouse,['darkfox'],[],[],1
372,dexterslabs,['darkfox'],[],[],1
373,rosemanket,['darkfox'],['United States'],"['Money', 'Cocaine', 'XTC Pills', 'Benzos', 'Oxycodone', 'Ketamine', 'DMT', 'Fraud', 'Services']",1
374,polarsprings,['darkfox'],"['United States', 'Germany']","['XTC Pills', 'Codeine', 'Methadone', '2C', 'Ketamine', 'Services', 'Weed', 'Benzos', 'Relaxants', 'Stimulants', 'Mushrooms', 'Oxycodone', 'MDMA', 'Hydrocodone', 'Heroin', 'Opium', 'Morphine', 'Money']",1
375,SientificVendo,['darkfox'],['Germany'],"['Weight Loss', 'Other', 'Heroin', 'Benzos', 'Stimulants', 'Amphetamine', 'Steroids', 'Relaxants', 'Ketamine', 'Codeine', 'Barbiturates']",1
376,ChampagnePapi,['darkfox'],[],[],1
377,hpharma,['darkfox'],[],[],1
378,idealpills,"['silkroad', 'darkfox']",['United States of America'],"['Oxycodon', 'Pills']",2
379,smokydog,['darkfox'],[],[],1
380,TheDoctor,['darkfox'],['Netherlands'],"['Stimulants', 'Mushrooms']",1
381,weedstore,['darkfox'],['United States'],['Weed'],1
382,frankDuke,['darkfox'],['France'],"['Money', 'Other']",1
383,Ables1,['darkfox'],[],[],1
384,charching187,['darkfox'],[],[],1
385,MORNINGSTAR,['darkfox'],[],[],1
386,colombiaconnec,['darkfox'],[],[],1
387,FantasticMrFox,['darkfox'],['United Kingdom'],"['Weed', 'Concentrates', 'Other']",1
388,DutchDope,['darkfox'],['Netherlands'],"['Weed', 'Amphetamine', 'LSD', 'MDMA', 'DMT']",1
389,medicwolf,['darkfox'],['Germany'],"['Relaxants', 'Other', 'Benzos']",1
390,Budfather,"['silkroad', 'darkfox']",['Poland'],['Buds & Flowers'],2
391,sixandeight,"['darkfox', 'asap']",[],"['Dumps', 'Accounts', 'Fraud', 'Hacking', 'Security Software', 'Cards & CVV', 'E-Books', 'Other', 'Personal Info']",2
392,jacksh,['darkfox'],['France'],['Weed'],1
393,brainpuddles,['darkfox'],['United States'],['Benzos'],1
394,Drugshouse,['darkfox'],['Germany'],['Amphetamine'],1
395,rodrigo,['darkfox'],['Netherlands'],"['Accounts', 'Fraud', 'Cards & CVV', 'Software Keys']",1
396,Tornad0cc,"['vice city', 'icarus', 'darkfox', 'asap']",[],['Cards & CVV'],4
397,Apothecarius,['darkfox'],['United States'],"['Steroids', 'Amphetamine', 'Benzos', 'Methamphetamine', 'Stimulants']",1
398,TrumpTower,"['silkroad', 'darkfox']","['Not Specified', 'United States', 'United Kingdom']","['Diazepam', 'Cocaine', 'Weed', 'Valium', 'MDMA', 'Xanax', 'Meth', 'Concentrates', 'Heroin', 'Others', 'Oxycodon', 'Speed', 'Oxycodone', 'Methamphetamine', 'Benzos']",2
399,OxySixX,['darkfox'],[],[],1
400,ShroomTown,['darkfox'],['United States'],['Mushrooms'],1
401,Krocodealer,['darkfox'],['Germany'],['Cocaine'],1
402,monoko,"['silkroad', 'darkfox', 'asap']","['United Kingdom of Great Britain', 'United Kingdom']","['Pills', 'Stimulants', 'Benzos', 'Weight Loss', 'Drugs']",3
403,alwaysflakes,['darkfox'],['United States'],"['Oxycodone', 'Cocaine', 'MDMA', 'Heroin', 'MDA', 'Crack', 'Weed', 'Concentrates', 'XTC Pills', 'LSD', 'Benzos']",1
404,Timmyturner,['darkfox'],['Netherlands'],"['Heroin', 'Methamphetamine', 'Benzos', 'LSD', 'Ketamine']",1
405,benzosandweed,['darkfox'],['United Kingdom'],['Benzos'],1
406,CheechandChong,['darkfox'],['Germany'],['Cocaine'],1
407,topmoneymaster,['darkfox'],[],"['Fraud', 'Hacking']",1
408,Magelan,['darkfox'],[],"['Fraud', 'Other', 'Accounts & Drops', 'Hacking', 'Cards & CVV', 'E-Books', 'Jewelry & Gold', 'Malware']",1
409,greenman1804,['darkfox'],['United Kingdom'],['Drugs'],1
410,DarkEX,['darkfox'],[],"['Other', 'Fraud', 'Exploits']",1
411,BobMarleyLux,['darkfox'],[],['Hash'],1
412,Thewingsfactor,['darkfox'],['Belgium'],"['Electronics', 'Cards & CVV']",1
413,ASAPM0B,"['vice city', 'asap', 'darkfox']",['United States'],"['Heroin', 'Benzos', 'Heroin Black Tar', 'Accounts']",3
414,friskmint,['darkfox'],[],[],1
415,DrBlow,"['silkroad', 'darkfox']","['United States', 'Not Specified', 'United Kingdom']","['Oxycodon', 'Cocaine', 'Concentrates', 'Meth', 'Heroin', 'Weed', 'Valium', 'Ships From: ', 'Speed', 'Heroin Black Tar', 'Oxycodone', 'Benzos', 'Methamphetamine', 'MDMA', 'Mushrooms']",2
416,Logarithm,['darkfox'],[],"['Accounts', 'Cards & CVV', 'Accounts & Drops', 'Personal Info', 'Socks', 'Data & Scans', 'Leaks']",1
417,prmeth,['darkfox'],['Australia'],['Methamphetamine'],1
418,bulkversion,"['darkfox', 'asap']",[],[],2
419,fractalworkshp,['darkfox'],['United States'],"['LSD', 'Concentrates']",1
420,NetflixKing,['darkfox'],[],[],1
421,MrGrumpy,"['silkroad', 'darkfox', 'asap']","['United Kingdom of Great Britain', 'United Kingdom']","['Pills', 'Benzos']",3
422,PSCorp,['darkfox'],[],[],1
423,usefulcolgate,['darkfox'],[],"['Money', 'Cards & CVV', 'Accounts & Drops']",1
424,CalGreen,['darkfox'],[],[],1
425,alfa,"['vice city', 'darkfox']",['Netherlands'],"['LSD', 'Amphetamine', 'Stimulants', 'XTC Pills', 'Adderal']",2
426,dmtking,"['vice city', 'darkfox', 'asap']",['Spain'],"['Mushrooms', 'DMT']",3
427,TheBodyShop,"['vice city', 'darkfox']","['Netherlands', 'India']","['Benzos', 'Drugs', 'Steroids']",2
428,rockleo,"['silkroad', 'vice city', 'darkfox']",['United States of America'],"['Ships From: ', 'Cards & CVV']",3
429,Ateam,['darkfox'],['Netherlands'],"['Ketamine', 'XTC Pills', 'LSD', '2C']",1
430,RaveDave23,['darkfox'],[],[],1
431,sadat,"['silkroad', 'darkfox']",['Spain'],"['Hash', 'Concentrates']",2
432,tornadotravel,"['vice city', 'darkfox']",['United States'],"['Adderal', 'Services']",2
433,slipperypete,['darkfox'],[],[],1
434,Partydrugnl,['darkfox'],['Netherlands'],"['Cocaine', 'Ketamine', 'Methamphetamine', 'XTC Pills']",1
435,hoheajaunn,['darkfox'],[],[],1
436,kingslayer91,['darkfox'],[],"['Hacking', 'Fraud', 'Accounts']",1
437,streetplugz,['darkfox'],['United States'],"['Benzos', 'Cocaine', 'Other', 'Stimulants']",1
438,EUCarder,"['silkroad', 'darkfox', 'asap']",['United States of America'],['Ships From: '],3
439,TyskieCrew,['darkfox'],['Germany'],"['MDMA', 'Weed', 'Stimulants']",1
440,Paradise420,"['darkfox', 'asap']",['Germany'],['Weed'],2
441,Riskking20,['darkfox'],[],['Personal Info'],1
442,howardmarks,['darkfox'],[],[],1
443,hollandfrans,['darkfox'],['Germany'],"['MDMA', 'XTC Pills', 'Weed', 'Hash', '2C']",1
444,DoctorXanax3,['darkfox'],[],[],1
445,ProAusDrops,['darkfox'],[],[],1
446,Pegasus,"['darkfox', 'asap']",[],"['Hacking', 'Malware', 'Fraud', 'Cards & CVV', 'E-Books', 'Security', 'Software Keys']",2
447,Naag,['darkfox'],[],"['Videos & Photos', 'Fake IDs', 'E-Books', 'Services']",1
448,TheStudentShop,"['vice city', 'darkfox']",['Netherlands'],"['Amphetamine', 'Heroin', 'MDMA']",2
449,NotSoAverage,['darkfox'],['United States'],['Benzos'],1
450,GreenLanternUK,['darkfox'],['United Kingdom'],"['Edibles', 'Weed']",1
451,Ataraxie,['darkfox'],[],[],1
452,themaster2021,['darkfox'],[],[],1
453,highsierra,['darkfox'],['United States'],['Mushrooms'],1
454,SantaLucia,['darkfox'],['United States'],['Benzos'],1
455,twinkies,['darkfox'],[],[],1
456,Royalistiq,['darkfox'],['Netherlands'],"['MDMA', 'Ketamine']",1
457,WeedShopHulk,['darkfox'],[],[],1
458,NextLevel,"['vice city', 'monopoly', 'traderoute', 'darkfox']",['Netherlands'],"['Cocaine', 'MDMA', 'XTC Pills', 'Stimulants', 'LSD', 'Ketamine', 'Amphetamine', 'Methadone', 'Benzos', 'Hash', 'Steroids']",4
459,Alphamega,['darkfox'],['Belgium'],"['Accounts & Drops', 'Fake IDs', 'Money', 'Dumps', 'Fraud', 'Cards & CVV']",1
460,exotixhighclub,['darkfox'],[],[],1
461,goldkey,['darkfox'],['Canada'],['Methamphetamine'],1
462,drugshub,"['vice city', 'asap', 'darkfox']",[],[],3
463,mushmush,['darkfox'],[],[],1
464,happyshopper,['darkfox'],['United Kingdom'],"['Amphetamine', 'Benzos']",1
465,salamander,['darkfox'],[],[],1
466,anonyps,"['darkfox', 'asap']",[],['Personal Info'],2
467,ByronbayweedCo,['darkfox'],['Australia'],"['Weed', 'LSD']",1
468,alldeals,['darkfox'],['United States'],"['Methadone', 'Cocaine', 'Weed', 'Steroids', 'Mushrooms', 'Ephedrine & Pseudoephedrine', 'Heroin Black Tar', 'Codeine', 'Oxycodone', 'Stimulants', 'XTC Pills', 'Morphine', 'Fake IDs', 'Hash', 'Benzos']",1
469,Hilfiger,"['silkroad', 'vice city', 'cartel', 'invictus', 'darkfox', 'asap']","['Not Specified', 'United States', 'Australia', 'United Kingdom', 'Germany', 'Netherlands']","['Xanax', 'Opium', 'Diazepam', 'MDMA', 'Others', 'Cocaine', 'Oxycodon', 'DMT', 'Benzos', 'Oxycodone', 'Codeine']",6
470,donalddrugs,['darkfox'],['Netherlands'],"['Amphetamine', 'XTC Pills', 'LSD', 'Cocaine']",1
471,chemzy007,"['vice city', 'darkfox']",['China'],['Ketamine'],2
472,savehndl,['darkfox'],[],[],1
473,truegenerics,['darkfox'],['India'],"['Stimulants', 'Relaxants']",1
474,quasi,"['vice city', 'darkfox']",['United States'],"['Methamphetamine', 'Heroin Black Tar']",2
475,CvsPharmacy,['darkfox'],['United States'],"['XTC Pills', 'Stimulants']",1
476,smitty5106222,['darkfox'],[],"['Cards & CVV', 'Accounts & Drops']",1
477,Pygmalion,"['silkroad', 'darkfox', 'asap']",['United Kingdom of Great Britain'],"['DMT', 'Other Psychedelics']",3
478,ladysky,['darkfox'],['United States'],"['Ketamine', 'Adderal', 'Cards & CVV', 'Methamphetamine', 'Money', 'Oxycodone', 'Benzos', 'Stimulants']",1
479,etimbuk,['darkfox'],[],"['Services', 'Accounts']",1
480,chechegermany,['darkfox'],['Germany'],"['Weed', 'Amphetamine']",1
481,kamagra4bitcoi,['darkfox'],[],[],1
482,benzoworld,['darkfox'],['United States'],"['Benzos', 'Hydrocodone', 'Stimulants']",1
483,CozyJazz,['darkfox'],[],[],1
484,TRASHBAG,['darkfox'],[],[],1
485,revenantchild,['darkfox'],['South Africa'],"['Weed', 'Mushrooms']",1
486,HunterRX25,['darkfox'],[],[],1
487,rollsroice1,['darkfox'],[],[],1
488,dutchlab,['darkfox'],[],[],1
489,dutchdreamz,['darkfox'],['Netherlands'],"['XTC Pills', 'Ketamine', '2C']",1
490,weloveshrooms,['darkfox'],[],['Mushrooms'],1
491,WeedMaster33,['darkfox'],['Spain'],"['Hash', 'Weed']",1
492,HilfigerWW,['darkfox'],"['United States', 'Germany']","['Crack', 'Benzos', 'Stimulants', 'Adderal', 'Cocaine', 'Amphetamine', 'Oxycodone', 'Heroin Black Tar']",1
493,songoku1004,['darkfox'],[],"['Socks', 'Accounts & Drops', 'Cards & CVV', 'E-Books']",1
494,Ausverkauf,['darkfox'],[],[],1
495,EmpireTeam,['darkfox'],['United States'],['Cocaine'],1
496,streetpushers,['darkfox'],['United States'],"['Cocaine', 'Ketamine', 'Adderal', 'Weed', 'Morphine', 'Oxycodone', 'Money', 'Other', 'Hydrocodone', 'Methadone', 'Fake IDs', 'Stimulants']",1
497,ActiveJ,['darkfox'],['United Kingdom'],['Cocaine'],1
498,8drugsafe,"['vice city', 'monopoly', 'darkfox', 'asap']",[],[],4
499,SocialMedia,"['silkroad', 'vice city', 'darkfox', 'asap']",['Norway'],"['Ships From: ', 'Other', 'Services']",4
500,FASTmedsUK,['darkfox'],[],[],1
501,drugsfarm,['darkfox'],"['Netherlands', 'Germany']","['Cocaine', 'Amphetamine']",1
502,Bestplug,['darkfox'],['United States'],"['Cards & CVV', 'Services', 'Money', 'Heroin Black Tar', 'Ketamine', 'MDMA', 'Oxycodone', 'Fraud']",1
503,Muse,['darkfox'],['Canada'],['Mushrooms'],1
504,FullzRus,['darkfox'],[],"['Accounts', 'Other', 'Personal Info']",1
505,ausx,['darkfox'],[],[],1
506,GoldApple,"['silkroad', 'vice city', 'darkfox']",['Sweden'],"['Ships From: ', 'Data & Scans', 'Other', 'Databases']",3
507,snowwhite38,"['vice city', 'darkfox']",['Germany'],"['Cocaine', 'Weed']",2
508,ThreeKings,"['silkroad', 'white house', 'vice city', 'empire', 'nightmare', 'darkfox']",['Latvia'],['Steroids'],6
509,ballsdeep,['darkfox'],[],[],1
510,GQDS24,"['darkfox', 'asap']",['Germany'],"['Weed', 'Hash', 'Stimulants']",2
511,TheodorMorell,['darkfox'],['Netherlands'],"['Heroin', 'Cocaine', 'MDMA', 'Crack']",1
512,COCALERO,['darkfox'],[],[],1
513,Queen,['darkfox'],[],['Software Keys'],1
514,Discover,['darkfox'],['United States'],"['Benzos', 'Adderal', 'Stimulants']",1
515,superwave,"['darkfox', 'asap']",['United States'],['Benzos'],2
516,TheJournalShop,['darkfox'],[],[],1
517,happymates,['darkfox'],['United Kingdom'],['Weed'],1
518,GreenWood,['darkfox'],[],[],1
519,trebol,['darkfox'],[],[],1
520,themodsquad,['darkfox'],['United States'],"['Stimulants', 'Mushrooms']",1
521,BreakingCrack,['darkfox'],[],[],1
522,ThePsycheNexus,['darkfox'],['United Kingdom'],['Ketamine'],1
523,DutchHope,"['darkfox', 'asap']",['Belgium'],"['Stimulants', 'Ketamine', '2C']",2
524,Kingscan,['darkfox'],[],"['Data & Scans', 'Fake IDs']",1
525,comberUK,['darkfox'],[],[],1
526,PsyShopHQ,"['vice city', 'darkfox']",[],[],2
527,Syku71,['darkfox'],[],[],1
528,darkchick,['darkfox'],['Austria'],"['Stimulants', 'Morphine']",1
529,SilkroadDach,['darkfox'],[],[],1
530,daUSAplug,['darkfox'],['United States'],['LSD'],1
531,INSTANTGRAM,['darkfox'],[],[],1
532,Idle,['darkfox'],[],"['Personal Info', 'Fraud', 'Accounts & Drops', 'Databases', 'Services']",1
533,bestbenzos,['darkfox'],[],[],1
534,ozcontrol,['darkfox'],['Australia'],"['Methoxetamine', 'Heroin', 'Methamphetamine', 'Cocaine']",1
535,Dimma,"['silkroad', 'vice city', 'asap', 'darkfox']","['United Kingdom', 'Not Specified']","['Oxycodon', 'Cocaine', 'Xanax', 'Benzos', 'Oxycodone', 'Crack']",4
536,r0cc0,['darkfox'],['Netherlands'],"['Cocaine', 'MDMA', 'Amphetamine', 'XTC Pills']",1
537,nphash,['darkfox'],['Nepal'],['Hash'],1
538,DrugsInc,['darkfox'],"['Germany', 'Australia']","['Amphetamine', 'XTC Pills']",1
539,kimono,['darkfox'],[],[],1
540,simplyhigh,['darkfox'],[],[],1
541,lSLYSELLERl,['darkfox'],[],"['Accounts & Drops', 'Personal Info', 'Cards & CVV', 'Services', 'Data & Scans']",1
542,XanaxNDD,['darkfox'],['United Kingdom'],"['Drugs', 'Other', 'Benzos', 'Relaxants']",1
543,NarcosHolland,['darkfox'],[],[],1
544,bud4less,['darkfox'],['United States'],"['XTC Pills', 'Hydrocodone', 'Weed', 'Edibles', 'Cocaine']",1
545,TheCheekyGirls,['darkfox'],['United Kingdom'],"['RCs', 'Cocaine']",1
546,g3cko,"['silkroad', 'vice city', 'darkfox']",['United States of America'],"['Ships From: ', 'Other', 'Videos & Photos', 'Security Software', 'Exploits', 'Fraud', 'Cards & CVV', 'Security', 'Malware', 'Accounts', 'VPN']",3
547,Kaliflora,['darkfox'],['United States'],['Weed'],1
548,victorviran,"['silkroad', 'darkfox']",['United States of America'],['Ships From: '],2
549,drdacky11,['darkfox'],['United States'],"['Cocaine', 'Fraud', 'Other', 'Weed', 'Drugs', 'Hydrocodone', 'Accounts', 'XTC Pills', 'Money', 'Morphine', 'Accounts & Drops', 'Ketamine', 'Methadone', 'Oxycodone']",1
550,RoadTraveler,['darkfox'],['United States'],"['Benzos', 'Concentrates']",1
551,BRwhite,['darkfox'],[],[],1
552,Thuggaking54,['darkfox'],[],[],1
553,Ireland,['darkfox'],[],[],1
554,HighClass,['darkfox'],[],[],1
555,fraudbuddy,"['silkroad', 'vice city', 'asap', 'darkfox']",['Australia'],"['Ships From: ', 'Accounts & Drops', 'Accounts', 'Fraud', 'Data & Scans', 'Cards & CVV', 'Drugs']",4
556,gainsprovider,['darkfox'],[],[],1
557,TheJourney,['darkfox'],"['Germany', 'France']","['DMT', 'Mushrooms']",1
558,accountmaster,['darkfox'],[],[],1
559,MassaLiaPan,['darkfox'],[],"['Hacking', 'Malware', 'Fraud']",1
560,theincredibles,['darkfox'],[],[],1
561,CaliforniaCrim,['darkfox'],['United States'],"['Other', 'Hacking', 'Fraud', 'E-Books', 'Methamphetamine']",1
562,ToppyUKShop,['darkfox'],[],[],1
563,gofast36,['darkfox'],['Germany'],"['Hash', 'Heroin', 'Amphetamine', 'XTC Pills', 'Cocaine', 'MDMA']",1
564,ap09dx,['darkfox'],[],[],1
565,estafador,['darkfox'],[],"['Accounts', 'Fraud', 'Personal Info']",1
566,FedEx,"['white house', 'vice city', 'torrez', 'empire', 'silkroad', 'world market', 'darkfox']",[],[],7
567,FishscaleCanad,['darkfox'],['Canada'],['Cocaine'],1
568,kim0ra,"['silkroad', 'darkfox', 'asap']",['Not Specified'],"['CC/CVV', 'Weed', 'Cards & CVV']",3
569,crazycandy,['darkfox'],[],[],1
570,mrscruff2019,"['vice city', 'darkfox']",['United Kingdom'],['GBL'],2
571,BenzoKingUK,['darkfox'],"['United Kingdom', 'United States']","['Benzos', 'Heroin', 'Adderal', 'Cocaine', 'Oxycodone']",1
572,MaxundMoritz,['darkfox'],['Germany'],"['Hash', 'Weed', 'Methamphetamine', 'Cocaine']",1
573,pillplugpaul,['darkfox'],['United States'],['Oxycodone'],1
574,AshJWilliams,['darkfox'],['Slovenia'],['Mushrooms'],1
575,powercenter,['darkfox'],['United States'],"['E-Books', 'Fake IDs', 'Data & Scans', 'Hacking', 'Databases', 'Services', 'MDA']",1
576,SweetGreenUK,['darkfox'],[],[],1
577,matsukiyo,['darkfox'],['Japan'],"['Seeds', 'Mushrooms', 'LSD']",1
578,DrugHero,['darkfox'],[],['Cocaine'],1
579,breitling,['darkfox'],[],[],1
580,FastGermanDeal,['darkfox'],['Germany'],"['Cocaine', 'LSD', 'XTC Pills']",1
581,ccvfreegary,['darkfox'],[],[],1
582,WholeSaleDept,['darkfox'],[],['Cards & CVV'],1
583,stonedhomer,['darkfox'],[],[],1
584,imyourdoctor,"['vice city', 'empire', 'darkfox']",['United Kingdom'],['Benzos'],3
585,lordsheng,"['vice city', 'darkfox']",[],[],2
586,plutus,['darkfox'],[],"['Fraud', 'Accounts & Drops', 'Cards & CVV', 'Data & Scans']",1
587,MinerOfTHC,['darkfox'],['Switzerland'],['Weed'],1
588,BENZ,['darkfox'],['Germany'],"['Amphetamine', 'XTC Pills']",1
589,unsullied,['darkfox'],['United States'],['Oxycodone'],1
590,Topdog,['darkfox'],['Finland'],['LSD'],1
591,lordofweed,['darkfox'],['Greece'],['Weed'],1
592,shinyflakez,['darkfox'],['Netherlands'],"['Amphetamine', 'Methamphetamine']",1
593,JanesAddiction,['darkfox'],['United States'],"['MDMA', 'Methamphetamine', 'Cocaine']",1
594,globaltraders,['darkfox'],[],[],1
595,VersaceForest,['darkfox'],[],[],1
596,galbani12,['darkfox'],[],[],1
597,fastpharma,['darkfox'],['Netherlands'],['Adderal'],1
598,chosek,['darkfox'],['Switzerland'],['Weed'],1
599,ThePharmacist,['darkfox'],[],"['Steroids', 'Other', 'RCs', 'Weight Loss', 'Benzos']",1
600,mrweedmanuk,['darkfox'],['United Kingdom'],['Hash'],1
601,DrWhit3,"['silkroad', 'vice city', 'darkfox', 'asap']",['Belarus'],['Ships From: '],4
602,ONEMILLION,['darkfox'],[],[],1
603,troll4,['darkfox'],[],[],1
604,Deus,['darkfox'],['United States'],['Mushrooms'],1
605,parson,['darkfox'],[],['Accounts'],1
606,cleanbandit,['darkfox'],[],[],1
607,Onepiece,['darkfox'],[],"['Fraud', 'Cards & CVV']",1
608,dopenation,['darkfox'],[],[],1
609,chernobyl,"['silkroad', 'darkfox']","['China, Hong Kong SAR', 'Hong Kong']","['Ships From: ', 'Steroids']",2
610,Hofmanncrew,['darkfox'],[],[],1
611,BestPal,['darkfox'],[],[],1
612,dutchcrazy,['darkfox'],['Netherlands'],['Amphetamine'],1
613,actioneu,"['silkroad', 'darkfox', 'asap']",['Netherlands'],"['Ecstasy', 'Cocaine', 'Ketamine', 'Methamphetamine']",3
614,DutchFrenchTeam,['darkfox'],['France'],"['XTC Pills', 'Other', 'Cocaine', 'Hash', 'Weed', 'Methamphetamine', 'LSD', 'MDMA', 'Heroin', 'Ketamine']",1
615,Instadrugs,['darkfox'],['Germany'],['Weed'],1
616,onestopshop,"['darkfox', 'asap']",['United States'],"['Oxycodone', 'Benzos']",2
617,MushroomFarm,['darkfox'],['United States'],['Mushrooms'],1
618,mrsfrank,['darkfox'],[],[],1
619,CashKing,['darkfox'],['United Kingdom'],"['Codeine', 'Benzos', 'Weight Loss', 'Other', 'Stimulants']",1
620,WeAreAMSTERDAM,"['silkroad', 'apollon', 'vice city', 'empire', 'icarus', 'nightmare', 'wall street', 'darkfox']","['Netherlands', 'Germany']","['LSD', 'Cocaine', 'GHB', 'Weed', 'MDMA', 'Ecstasy', 'Speed']",8
621,TopShellNL,"['vice city', 'darkfox', 'asap']",['Netherlands'],"['Weed', '2C', 'RCs', 'MDMA', 'Cocaine']",3
622,ricksick,['darkfox'],[],[],1
623,Eleria,['darkfox'],['Germany'],"['Weed', 'Benzos', 'Cocaine']",1
624,perfectmeds,['darkfox'],[],[],1
625,rvaska,['darkfox'],[],[],1
626,usdrill,['darkfox'],"['Germany', 'United States', 'Australia']","['Adderal', 'Benzos', 'Cocaine', 'Heroin', 'Methamphetamine', 'XTC Pills', 'Oxycodone', 'GHB', 'Weed', 'MDMA']",1
627,ezinpharma,"['silkroad', 'darkfox', 'asap']","['United Kingdom', 'United States']","['Speed', 'Meth', 'Diazepam', 'Oxycodon', 'Xanax', 'Heroin', 'MDMA', 'Ketamine', 'Ships From: ', 'Ecstasy']",3
628,Hollowaystore,['darkfox'],['United Kingdom'],['Weed'],1
629,MadeInFrance,['darkfox'],[],[],1
630,deepsgang,['darkfox'],['United States'],"['Oxycodone', 'Heroin']",1
631,Cannasanlight,['darkfox'],['Germany'],['Weed'],1
632,alphapharmaltd,['darkfox'],"['United States', 'Russian Federation']","['Oxycodone', 'Money', 'Morphine', 'Weed', 'Methadone', 'Benzos', 'Cocaine', 'Hydrocodone']",1
633,CARDINGMAN,['darkfox'],"['United States', 'Germany', 'United States Minor Outlying Islands']","['Money', 'Methamphetamine', 'RCs', 'Fake IDs', 'Cards & CVV', 'Weed', 'Benzos', 'Morphine', 'DMT', 'Other', 'Hydrocodone', 'Services']",1
634,DRUGMAZON,['darkfox'],[],[],1
635,ClicknBuy,['darkfox'],[],[],1
636,darkweeder,"['silkroad', 'darkfox']",['Germany'],"['Ketamine', 'Weed', 'Amphetamine']",2
637,doctorupper,['darkfox'],['Germany'],['Cards & CVV'],1
638,AllNatura,['darkfox'],['Germany'],['Weed'],1
639,spanishconnect,['darkfox'],[],[],1
640,Mind,['darkfox'],[],[],1
641,sluts,['darkfox'],['United States'],['Methamphetamine'],1
642,bobmarleyman,['darkfox'],['United Kingdom'],"['MDMA', 'Ketamine']",1
643,jamesplug21,['darkfox'],"['United States', 'Australia']","['Cocaine', 'Hydrocodone', 'Weed', 'LSD', 'XTC Pills', 'Mushrooms', 'Oxycodone', 'MDMA', 'Heroin Black Tar']",1
644,Sunshining,['darkfox'],['Netherlands'],['Mushrooms'],1
645,jackson,['darkfox'],['United States'],"['RCs', 'Paraphernalia', 'Hash', 'Phenyl-2-propanone', 'Weight Loss', 'Barbiturates', 'Tobacco']",1
646,backatit28,"['vice city', 'darkfox']",['United States'],"['Weed', 'Oxycodone', 'MDMA']",2
647,oxytop,"['silkroad', 'darkfox', 'asap']","['United States of America', 'United States']","['Oxycodon', 'Oxycodone', 'Codeine', 'Benzos']",3
648,hypnotoad,"['silkroad', 'darkfox']","['United Kingdom of Great Britain', 'United Kingdom']","['Pills', 'Ketamine', 'Cocaine', 'Benzos', 'Barbiturates', 'GHB', 'GBL']",2
649,Amazon,['darkfox'],[],[],1
650,Lucky7,"['silkroad', 'vice city', 'torrez', 'darkfox', 'cartel', 'world market']",['Netherlands'],"['Heroin', 'Cocaine', 'Crack', 'MDMA', 'Ketamine']",6
651,MrBlueman,['darkfox'],[],[],1
652,bajie1,"['vice city', 'darkfox']",[],"['Accounts & Drops', 'Accounts', 'Cards & CVV', 'Dumps']",2
653,wealthly2021,['darkfox'],[],"['Personal Info', 'Accounts', 'Data & Scans', 'Security', 'Other', 'Accounts & Drops', 'Dumps', 'Fraud']",1
654,sawinc,['darkfox'],['France'],['Heroin'],1
655,authenticity,"['vice city', 'darkfox', 'asap']",[],"['Data & Scans', 'Personal Info', 'Cards & CVV']",3
656,Needaweed,['darkfox'],['Netherlands'],"['XTC Pills', 'Hash', 'Weed']",1
657,GodOfOpium,['darkfox'],['United Kingdom'],['Opium'],1
658,moneywave,['darkfox'],[],[],1
659,Chang1993,['darkfox'],"['United States', 'China']","['Heroin Black Tar', 'XTC Pills', 'Concentrates', 'RCs', 'Oxycodone', 'Benzos', 'Methamphetamine', 'Other', 'LSD', 'Adderal']",1
660,godsend,['darkfox'],[],[],1
661,kingjames,['darkfox'],"['United States', 'United Kingdom']","['Benzos', 'Cocaine', 'Weed', 'Hash', 'Cards & CVV', 'Accounts & Drops', 'Edibles', 'Oxycodone', 'Services', 'Mushrooms', 'Stimulants', 'Morphine', 'MDMA', 'LSD', 'Concentrates', 'XTC Pills', 'Fake IDs', 'Adderal', 'Other', 'DMT', 'Seeds', 'Codeine']",1
662,CardBoss,['darkfox'],[],[],1
663,Peppman,['darkfox'],['Germany'],['Amphetamine'],1
664,mclovin87,['darkfox'],['United Kingdom'],['Cocaine'],1
665,highquality,['darkfox'],[],[],1
666,DrsGam,['darkfox'],[],[],1
667,Sonetoo21,['darkfox'],['United States'],"['Other', 'Stimulants', 'Adderal', 'Cards & CVV', 'Methadone', 'Heroin']",1
668,rangosmoke,['darkfox'],['United States'],"['Cocaine', 'Crack']",1
669,montecrypto,['darkfox'],[],"['Hacking', 'Services', 'Socks', 'Databases', 'Accounts']",1
670,Narco24,"['darkfox', 'asap']",['Germany'],"['2C', 'Cocaine', 'XTC Pills', 'Amphetamine', 'MDMA', 'Methamphetamine', 'Hash', 'LSD', 'Ketamine', 'Weed']",2
671,Justporn,['darkfox'],[],[],1
672,cerberusuk,"['silkroad', 'darkfox']",['United Kingdom of Great Britain'],"['Steroids', 'Pills']",2
673,joco0000,['darkfox'],['Slovenia'],['Tobacco'],1
674,Pushar,"['darkfox', 'asap']",[],[],2
675,Epharma,['darkfox'],[],[],1
676,MrDispoman,['darkfox'],['United States'],['Concentrates'],1
677,rugbykonix,"['silkroad', 'vice city', 'empire', 'darkfox', 'asap']",['France'],"['Ships From: ', 'Fraud', 'Drugs', 'Accounts', 'E-Books', 'Hacking']",5
678,420Quality,['darkfox'],"['United States', 'Uganda']",['Weed'],1
679,C2C22,"['vice city', 'darkfox']","['United States', 'United Kingdom']","['MDMA', 'Cocaine']",2
680,dhstranger,['darkfox'],[],[],1
681,TacoTruck,['darkfox'],['United States'],"['Heroin', 'Heroin Black Tar', 'Methamphetamine']",1
682,WeedStarTHC,['darkfox'],['United Kingdom'],['Edibles'],1
683,HighFly,"['darkfox', 'asap']",['United States'],"['Concentrates', 'Weed', 'Edibles']",2
684,HazeShopDe,['darkfox'],['Germany'],['Weed'],1
685,AddamsFamily,['darkfox'],[],[],1
686,DrugAmazon,['darkfox'],['Germany'],"['Amphetamine', 'Weed', 'RCs', 'Drugs', 'Ketamine', 'Hash', 'Cocaine', 'A-OIL', 'MDMA']",1
687,StudyingSteve,['darkfox'],['Australia'],['Stimulants'],1
688,WhiteRepublic,"['silkroad', 'darkfox']",['United States of America'],"['Cocaine', 'Ecstasy', 'Ketamine']",2
689,psynade,['darkfox'],[],[],1
690,Fairfax,"['silkroad', 'darkfox']","['Germany', 'Netherlands']","['Heroin', 'Buds & Flowers', 'Hash', 'XTC Pills', 'LSD', 'Weed']",2
691,malphas,['darkfox'],[],[],1
692,studentshelp,['darkfox'],['Germany'],"['Adderal', 'Hash', 'Weed']",1
693,PostNL,"['silkroad', 'apollon', 'white house', 'vice city', 'torrez', 'empire', 'berlusconi', 'monopoly', 'icarus', 'cryptonia', 'darkfox', 'asap']",['Netherlands'],"['LSD', 'Heroin', 'Ecstasy', 'Ketamine']",12
694,N1TM,"['vice city', 'darkfox']",[],[],2
695,phil,['darkfox'],[],[],1
696,drugsparty321,['darkfox'],['Netherlands'],['Amphetamine'],1
697,StarBud2,['darkfox'],[],[],1
698,kings,['darkfox'],['United States'],"['Oxycodone', 'Hydrocodone', 'Cocaine', 'Adderal', 'Codeine', 'Ketamine', 'Weed', 'Stimulants', 'XTC Pills', 'Benzos', 'Morphine']",1
699,jjkifft,['darkfox'],[],[],1
700,orangebud,['darkfox'],[],[],1
701,ADHD,"['darkfox', 'asap']",['Netherlands'],['Amphetamine'],2
702,SpacePope,"['vice city', 'darkfox', 'asap']",[],[],3
703,DoctorCannabis,['darkfox'],['Antarctica'],['Weed'],1
704,lafiliere,['darkfox'],[],[],1
705,zues,['darkfox'],['Australia'],['Weed'],1
706,royalfam,['darkfox'],[],[],1
707,gsquad,['darkfox'],[],[],1
708,Biopharmacy,['darkfox'],['United States'],"['Weed', 'MDMA', 'Ketamine', 'Oxycodone', 'Heroin', 'Benzos', 'Codeine', 'Morphine', 'Cocaine', 'Opium', 'Methamphetamine', 'Adderal']",1
709,boomshankar,"['silkroad', 'darkfox', 'asap']","['United Kingdom of Great Britain', 'Mexico', 'United Kingdom']","['Ecstasy', 'DMT', 'Other Psychedelics', 'LSD', 'Mushrooms', '5-MeO', 'Mescaline', 'Salvia', 'RCs', 'Psychodelics']",3
710,lazipette,['darkfox'],['France'],"['XTC Pills', 'MDMA', 'Ketamine']",1
711,alienlabs,['darkfox'],['Spain'],['Weed'],1
712,blaze10024,['darkfox'],[],[],1
713,SharkHash,['darkfox'],['Spain'],['Hash'],1
714,babaweed,['darkfox'],['Spain'],['Weed'],1
715,alino,['darkfox'],['United States'],"['MDMA', 'Heroin', 'Cocaine', 'Heroin Black Tar', 'Weed']",1
716,kalinux,['darkfox'],[],"['Dumps', 'Personal Info']",1
717,crystalmagik,"['silkroad', 'darkfox']",['United States'],"['Weed', 'Concentrates', 'DMT']",2
718,DrugzkingNL,['darkfox'],[],[],1
719,realfknhigh,['darkfox'],['Australia'],"['Weed', 'Paraphernalia']",1
720,xDrGreenThumbx,['darkfox'],['Australia'],['Weed'],1
721,vicvega,['darkfox'],[],[],1
722,Gingercrew,['darkfox'],['United Kingdom'],['Weed'],1
723,cheapboost,['darkfox'],[],[],1
724,DrOz,['darkfox'],['Australia'],['Benzos'],1
725,OdysseyCorp,['darkfox'],[],[],1
726,xanaxman,['darkfox'],['United States'],"['Oxycodone', 'Hydrocodone', 'Benzos', 'Methamphetamine', 'Heroin', 'Ketamine', 'MDMA']",1
727,tornadoengine,['darkfox'],['Turkey'],['Money'],1
728,blackmidas,['darkfox'],[],[],1
729,organicvalley,"['silkroad', 'darkfox']",['United Kingdom of Great Britain'],['Mushrooms'],2
730,dop3dealz,['darkfox'],[],[],1
731,brawly11,['darkfox'],[],[],1
732,fmgermany,"['vice city', 'darkfox']",['Germany'],['Money'],2
733,buds,['darkfox'],[],[],1
734,kamagralink,"['vice city', 'asap', 'darkfox']",['United Kingdom'],"['Stimulants', 'Benzos', 'Relaxants', 'Other']",3
735,brightstar,['darkfox'],[],[],1
736,Suriv01,"['silkroad', 'darkfox']","['United States', 'Not Specified']","['Cocaine', 'Weed', 'GHB', 'Xanax', 'MDMA', 'Ketamine']",2
737,swimboy0084,['darkfox'],[],[],1
738,rinyus,['darkfox'],[],[],1
739,cannachef123,['darkfox'],['United States'],['Edibles'],1
740,POSTMANPILL,['darkfox'],[],[],1
741,bitcointhief,['darkfox'],[],['Fraud'],1
742,bitbuds,['darkfox'],['United States'],['Weed'],1
743,barguys,['darkfox'],"['United States', 'United Kingdom']",['Benzos'],1
744,Rauschbad,['darkfox'],[],[],1
745,BigPenis,"['vice city', 'darkfox', 'asap']",['Germany'],"['Stimulants', 'Accounts & Drops']",3
746,VERSANDFREI,['darkfox'],[],[],1
747,strassenapo,['darkfox'],[],[],1
748,NWCS,['darkfox'],[],[],1
749,M3DUSA,['darkfox'],['Germany'],"['Amphetamine', 'MDMA', '2C', 'LSD']",1
750,bluemagic,"['silkroad', 'darkfox']",['United Kingdom'],"['Xanax', 'Others', 'MDMA', 'Speed', 'Ketamine', 'Oxycodon', 'Valium', '2C', 'Cocaine', 'Benzos', 'Amphetamine']",2
751,pinkcard,['darkfox'],[],"['Accounts', 'Accounts & Drops', 'Cards & CVV', 'Fake IDs']",1
752,mark24,['darkfox'],['United Kingdom'],['Stimulants'],1
753,bestgroup,"['silkroad', 'darkfox']",['India'],"['Steroids', 'Paraphernalia']",2
754,Bigone1,['darkfox'],[],[],1
755,rapidacja,['darkfox'],['Poland'],['Mushrooms'],1
756,GreenDeal,['darkfox'],['Denmark'],"['Hash', 'Edibles']",1
757,Highinsky369,['darkfox'],['United Kingdom'],['Cocaine'],1
758,ananasexpress,['darkfox'],[],[],1
759,Mariegin,['darkfox'],['France'],"['LSD', 'Edibles']",1
760,z0loft,"['silkroad', 'darkfox']",['Germany'],"['Diazepam', 'Xanax', 'MDMA', '2C', 'Hosting', 'XTC Pills', 'Benzos']",2
761,egoods,['darkfox'],[],"['Data & Scans', 'Personal Info', 'Accounts & Drops']",1
762,probitexchange,"['vice city', 'darkfox']",[],[],2
763,speedytv4you,['darkfox'],[],[],1
764,CanadianFIRE,['darkfox'],['Netherlands'],"['MDMA', 'XTC Pills']",1
765,andreasrybak,['darkfox'],[],['Drugs'],1
766,TheJoker,['darkfox'],['United States'],"['Hash', 'RCs', 'XTC Pills', 'Other', '2C', 'Cocaine', 'Paraphernalia', 'LSD', 'Edibles', 'Stimulants', 'Benzos', 'Relaxants', 'MDMA', 'Weed', 'Heroin Black Tar', 'GHB', 'Concentrates']",1
767,wochris,['darkfox'],['Spain'],"['Weed', 'Concentrates', 'Seeds', 'Edibles']",1
768,FerryBoumanNL,['darkfox'],[],[],1
769,PharmaUK,['darkfox'],[],[],1
770,melvinbankz,"['apollon', 'vice city', 'berlusconi', 'wall street', 'darkfox']",[],"['Accounts & Drops', 'Personal Info', 'Fraud', 'Cards & CVV']",5
771,Hackyboy,"['silkroad', 'vice city', 'berlusconi', 'darkfox']",['Belgium'],"['Ships From: ', 'Money', 'Fraud', 'Cards & CVV']",4
772,fastandsafe,['darkfox'],[],[],1
773,JetFuel247,"['vice city', 'empire', 'darkfox', 'world market']",['United Kingdom'],"['Adderal', 'Relaxants']",4
774,glasshouse,['silkroad'],"['United States', 'Not Specified']","['Weed', 'Concentrates', 'eBooks', 'PayPal', 'Edibles', 'Accounts']",1
775,AmsterdamLiquidXno1,['silkroad'],['Netherlands'],"['LSD', '2C', 'Ketamine', 'Oxycodon', 'Ecstasy']",1
776,docspro,['silkroad'],['Ukraine'],"['Scans', 'Cocaine', 'Carded Items', 'Xanax', 'Counterfeits', 'Weed', 'Oxycodon', 'MDMA']",1
777,GRUENEWALDSCAVE,['silkroad'],['United Kingdom'],"['Ecstasy', 'Cocaine']",1
778,alanmarret,['silkroad'],['United States'],"['Accounts', 'Banks', 'CC/CVV', 'Counterfeits', 'Carded Items']",1
779,EmergencyB,['silkroad'],['Spain'],['LSD'],1
780,doneycc,['silkroad'],['United States of America'],['Ships From: '],1
781,JimmJoness,['silkroad'],['Netherlands'],"['Cocaine', 'Speed', 'Ecstasy', 'Weed']",1
782,couriermeds,['silkroad'],['Not Specified'],['Oxycodon'],1
783,phantomweed,['silkroad'],['France'],['Buds & Flowers'],1
784,Coffeshop,['silkroad'],['Germany'],"['Heroin', '2C', 'Ecstasy', 'Others', 'Ketamine']",1
785,Styx,['silkroad'],['Not Specified'],['Services'],1
786,XXXXTentacion,"['silkroad', 'apollon', 'white house', 'vice city', 'empire', 'icarus', 'pax romana', 'cryptonia', 'asap']",['Netherlands'],['Ships From: '],9
787,thegg,['silkroad'],['Canada'],['Buds & Flowers'],1
788,DCdutchconnectionUK,['silkroad'],['United Kingdom of Great Britain'],"['Ecstasy', 'Ketamine', 'Cocaine', 'LSD', '2C']",1
789,dutchw33d,['silkroad'],['Netherlands'],['Buds & Flowers'],1
790,WhiteDoc,"['silkroad', 'asap']",['United States of America'],"['Ketamine', 'Ecstasy', 'Cocaine']",2
791,DutchPharmacy,['silkroad'],['Germany'],"['Ecstasy', 'LSD', 'Ketamine', '2C']",1
792,addykings,['silkroad'],['United States'],"['Diazepam', 'Oxycodon', 'MDMA', 'Xanax', 'Others', 'Services']",1
793,smartstore,['silkroad'],['Bulgaria'],['Pills'],1
794,cookiesncream,['silkroad'],['United States of America'],['Pills'],1
795,amsterdamxpress,['silkroad'],['Germany'],"['Ketamine', 'Ecstasy', 'Pills']",1
796,RoyalMailer,['silkroad'],['United Kingdom of Great Britain'],"['Ships From: ', 'Hash', 'Buds & Flowers', 'Concentrates']",1
797,NamasteOrganics,['silkroad'],['United States of America'],"['Concentrates', 'LSD', 'Mushrooms', 'Buds & Flowers']",1
798,Utopia,['silkroad'],['Australia'],['Edibles'],1
799,CannaRush,['silkroad'],['United States of America'],['Buds & Flowers'],1
800,obsidianlabs,['silkroad'],['United States of America'],"['Edibles', 'Concentrates', 'Others', 'Hash']",1
801,miclo,['silkroad'],['Poland'],['Ships From: '],1
802,PinkPantherNL,['silkroad'],['Netherlands'],['Cocaine'],1
803,eidgenossen,['silkroad'],['Switzerland'],['Ecstasy'],1
804,DrSommer,['silkroad'],['Germany'],"['Pills', 'Ecstasy', 'Ketamine', 'Cocaine']",1
805,wealthly,['silkroad'],['United States Virgin Islands'],"['Ships From: ', 'Other Digital Products']",1
806,DigiProServices,['silkroad'],"['Canada', 'Not Specified']","['Counterfeits', 'Banks']",1
807,ARKANA,['silkroad'],['Not Specified'],"['Counterfeits', 'Ketamine', '2C', 'LSD']",1
808,americansteroid,['silkroad'],['United States of America'],['Steroids'],1
809,MrGaia1,['silkroad'],['United States of America'],"['Other Dissociatives', 'Mushrooms']",1
810,Loyal4royal,['silkroad'],['United States'],"['Services', 'CC/CVV', 'Bulk', 'Accounts']",1
811,DareDevil,['silkroad'],['United Kingdom of Great Britain'],['Buds & Flowers'],1
812,wfowfo,['silkroad'],['United States of America'],['Ships From: '],1
813,Empirevendor,['silkroad'],['Australia'],"['Cocaine', 'Counterfeits', 'Oxycodon']",1
814,Lidl,['silkroad'],['Netherlands'],"['Cocaine', 'Heroin']",1
815,heyzeus,['silkroad'],['United States of America'],['Buds & Flowers'],1
816,BettyBopped,['silkroad'],['United States of America'],['Pills'],1
817,Jacksh,['silkroad'],['France'],['Weed'],1
818,SteroidWarehouse,"['silkroad', 'asap']",['Netherlands'],"['Steroids', 'Pills']",2
819,ThePartyShop,['silkroad'],['United Kingdom of Great Britain'],['Cocaine'],1
820,mico2811,"['silkroad', 'asap']",['Not Specified'],['Meth'],2
821,Lepricon,['silkroad'],['United Kingdom of Great Britain'],['Ships From: '],1
822,cannadepot,['silkroad'],['Spain'],['Buds & Flowers'],1
823,selekta1993,['silkroad'],['Portugal'],['Buds & Flowers'],1
824,MyINI,['silkroad'],['United States'],"['Cocaine', 'Services', 'LSD', 'Others', 'Dumps', 'MDMA']",1
825,domino45,['silkroad'],['Canada'],['Mushrooms'],1
826,terrorpin,['silkroad'],['United Kingdom of Great Britain'],['Edibles'],1
827,UKMeds4all,['silkroad'],['United Kingdom of Great Britain'],['Pills'],1
828,FirebunnyUSA,['silkroad'],['United States of America'],"['Ecstasy', 'Ketamine']",1
829,king419,['silkroad'],['Australia'],['Counterfeits'],1
830,THEPOSTMAN,['silkroad'],['United Kingdom of Great Britain'],"['Hash', 'Ketamine']",1
831,techmaniadrugs,['silkroad'],['Switzerland'],['Cocaine'],1
832,nycpharmacy,['silkroad'],['United States of America'],"['Oxycodon', 'Pills']",1
833,GreenBritain,"['silkroad', 'asap']",['United Kingdom of Great Britain'],"['Buds & Flowers', 'Hash']",2
834,DrParagon,['silkroad'],['United States of America'],['LSD'],1
835,emeraldgemini,"['silkroad', 'asap']",['United States of America'],"['Concentrates', 'Edibles', 'Ecstasy']",2
836,SunshineShop,['silkroad'],['Germany'],"['LSD', 'DMT']",1
837,kaliforniaProducts,['silkroad'],['United States of America'],"['Mushrooms', 'Buds & Flowers']",1
838,BwEmpire,['silkroad'],['United States of America'],['Pills'],1
839,Bestpricedcarts,['silkroad'],['United States'],"['Concentrates', 'Weed', 'Edibles']",1
840,igrowswiss,['silkroad'],['Switzerland'],"['Buds & Flowers', 'Hash', '2C', 'Cocaine', 'LSD', 'Ecstasy']",1
841,HollandDutchNew,['silkroad'],['Netherlands'],"['Ecstasy', 'Ketamine', 'Cocaine']",1
842,bigzues,['silkroad'],['Australia'],['Buds & Flowers'],1
843,BigOne1,['silkroad'],['United States of America'],['Ships From: '],1
844,Legaldrugshop,['silkroad'],['Not Specified'],"['Hash', 'eBooks', 'Seeds', 'Banks', 'Services', 'Oxycodon', 'CC/CVV', 'Weed', 'LSD', 'Concentrates', 'Carded Items', 'Counterfeits', 'Drops', 'Accounts', 'Mushrooms', 'Others']",1
845,MrFugazi,['silkroad'],['Canada'],['Ships From: '],1
846,roses,['silkroad'],['Netherlands'],"['Cocaine', 'LSD']",1
847,levelup,['silkroad'],['United States'],"['Edibles', 'eBooks', 'Drops', 'Concentrates', 'Accounts', 'Services', 'Weed', 'Ecstasy', 'LSD']",1
848,martell,"['silkroad', 'asap']",['United Kingdom of Great Britain'],"['Cocaine', 'Buds & Flowers']",2
849,ovo,['silkroad'],['United States'],['Weed'],1
850,Mukesh0423,['silkroad'],['United States'],['CC/CVV'],1
851,yopi22,"['silkroad', 'asap']",['United States of America'],"['Pills', 'Cocaine', 'Mushrooms', 'Ketamine', 'DMT', 'Heroin', 'Oxycodon', 'Ecstasy', 'Buds & Flowers']",2
852,ParaDoxaL,['silkroad'],['France'],"['Ships From: ', 'E-Books']",1
853,MaerskNL,['silkroad'],['Netherlands'],"['Other Dissociatives', 'Ketamine', 'Cocaine', 'Hash', 'Ecstasy']",1
854,StraightfromNL,['silkroad'],['Netherlands'],"['Ketamine', 'Ecstasy', 'LSD', 'Cocaine', '2C']",1
855,inlandempire,['silkroad'],['United States of America'],['Buds & Flowers'],1
856,ASAPRockyMDMA,['silkroad'],['Netherlands'],['Ecstasy'],1
857,TheHerbaholics,['silkroad'],['Germany'],['Buds & Flowers'],1
858,TheBodyShops,['silkroad'],['India'],['Pills'],1
859,thegreatest,['silkroad'],['Germany'],['Speed'],1
860,StrainPirate,['silkroad'],['United States of America'],"['Edibles', 'Buds & Flowers', 'Others', 'Concentrates', 'Hash']",1
861,vintage,['silkroad'],"['United States', 'Germany', 'Netherlands', 'United Kingdom']","['Cocaine', 'Xanax', 'Others', 'DMT', 'GHB', 'MDMA', 'Hash', 'Speed', 'Meth']",1
862,SuperFleks,['silkroad'],['Germany'],['Cocaine'],1
863,opkpk100,['silkroad'],['Not Specified'],['Weed'],1
864,godelicious,['silkroad'],['Germany'],"['Cocaine', 'MDMA']",1
865,CokeGuru,['silkroad'],['United States'],"['Cocaine', 'Oxycodon', 'Meth', 'Heroin', 'Ships From: ', 'Speed', 'Others', 'Ketamine']",1
866,tartini,"['silkroad', 'vice city', 'torrez']",['Poland'],"['Ships From: ', 'Other Digital Products']",3
867,psychonut,['silkroad'],['United States of America'],"['DMT', 'Other Psychedelics', '2C', 'Mushrooms', 'LSD', 'Edibles']",1
868,Kenza,['silkroad'],['United Kingdom of Great Britain'],"['Pills', 'Steroids']",1
869,benjo,['silkroad'],['United States'],"['Banks', 'PayPal', 'CC/CVV']",1
870,MixedArbilyDE,['silkroad'],['Germany'],['Pills'],1
871,RedEagleTeam,['silkroad'],['Greece'],"['Buds & Flowers', 'Ecstasy', 'Cocaine']",1
872,PerfectShrooms,"['silkroad', 'asap']",['United States of America'],['Mushrooms'],2
873,GoodzUK,['silkroad'],['United Kingdom of Great Britain'],['Pills'],1
874,VendyMcVendface,['silkroad'],['United States of America'],"['Buds & Flowers', 'Concentrates']",1
875,bestshop,['silkroad'],['United States'],"['Carded Items', 'CC/CVV', 'Counterfeits', 'Banks']",1
876,perfectways,['silkroad'],['United States'],"['Accounts', 'Services', 'Scans', 'Counterfeits', 'Weed', 'CC/CVV']",1
877,BalkanWeed,"['silkroad', 'asap']",['Greece'],['Buds & Flowers'],2
878,DoctorXXL,"['silkroad', 'vice city']",['Germany'],"['Cocaine', 'Ecstasy']",2
879,gameleaque,['silkroad'],['United States'],['Others'],1
880,italianmafia,['silkroad'],['Germany'],"['Ecstasy', 'Buds & Flowers']",1
881,Spasskasse,['silkroad'],['Germany'],"['Others', 'Carded Items', 'Weed', 'Ketamine']",1
882,DeepMeds,['silkroad'],['United States of America'],['Pills'],1
883,California420Service,['silkroad'],['United States of America'],"['Concentrates', 'Buds & Flowers']",1
884,Mirando,['silkroad'],['United Kingdom'],"['Cocaine', 'Xanax', 'Oxycodon']",1
885,kingofcannabis,['silkroad'],['Not Specified'],['DMT'],1
886,nighthunters,['silkroad'],['United States'],['Others'],1
887,TripWithScience,"['silkroad', 'asap']",['United States of America'],['Mushrooms'],2
888,StealthPharmacy,['silkroad'],['United Kingdom of Great Britain'],"['Pills', 'Steroids']",1
889,SwagQuality,['silkroad'],"['China, Hong Kong SAR']","['Ships From: ', 'Other Digital Products', 'Erotica']",1
890,MasterMeds,['silkroad'],['China'],"['DMT', 'Other Dissociatives', 'Other Psychedelics']",1
891,LEnfantTerrible,['silkroad'],['France'],['LSD'],1
892,streetzhardest,['silkroad'],['United Kingdom'],"['Weed', 'Cocaine', 'Xanax', 'Ecstasy', 'Oxycodon']",1
893,DroDodo,['silkroad'],['United States'],"['Weed', 'Concentrates']",1
894,Onebaratatime,['silkroad'],['Not Specified'],"['Xanax', 'Concentrates', 'Others']",1
895,kindpeople,['silkroad'],['United States of America'],['Buds & Flowers'],1
896,VERSUS,['silkroad'],['Belize'],['Ships From: '],1
897,urbanmasked,['silkroad'],['United States of America'],['Ships From: '],1
898,PartydrugNL,['silkroad'],['Netherlands'],['Cocaine'],1
899,Wellplay,['silkroad'],['Not Specified'],"['eBooks', 'Dumps', 'CC/CVV', 'Scans', 'Accounts', 'Cocaine', 'PayPal']",1
900,Drugsbunny,['silkroad'],['Netherlands'],"['Ecstasy', 'GHB', 'Pills', 'Others']",1
901,Pegassuss,['silkroad'],['Not Specified'],"['Accounts', 'eBooks', 'CC/CVV', 'Drops', 'PayPal']",1
902,yahweh,['silkroad'],['France'],"['Cocaine', 'Pills']",1
903,magictripp,['silkroad'],['United States of America'],['Ecstasy'],1
904,friends,"['silkroad', 'vice city']","['United Kingdom', 'Not Specified']","['Others', 'Edibles', 'Weed', 'Seeds', 'Concentrates', 'Hash']",2
905,realtortycoon,['silkroad'],['United Kingdom of Great Britain'],['Ships From: '],1
906,AcidFamily,['silkroad'],['Germany'],['LSD'],1
907,Jcreamer,['silkroad'],['United States of America'],"['Ships From: ', 'Other Digital Products']",1
908,TegrityPharma,['silkroad'],['United States of America'],['Pills'],1
909,CheeseNChickens,['silkroad'],['Not Specified'],"['eBooks', 'PayPal', 'CC/CVV', 'Weed', 'Counterfeits', 'MDMA']",1
910,FungiRx,['silkroad'],['United States of America'],"['Mushrooms', 'LSD']",1
911,NarcosXpress,['silkroad'],['United Kingdom of Great Britain'],"['Cocaine', 'Ecstasy']",1
912,moominman,"['silkroad', 'asap']",['Poland'],"['DMT', 'Other Psychedelics']",2
913,Muankum12,"['silkroad', 'vice city']",['United States'],"['Cocaine', 'Meth', 'Weed']",2
914,DrunkDragon,"['silkroad', 'vice city', 'asap']",['Finland'],['Ships From: '],3
915,PillOne,['silkroad'],['Germany'],['Pills'],1
916,prohack,['silkroad'],"['Not Specified', 'United States', 'United States Minor Outlying Islands']","['CC/CVV', 'Services', 'Accounts', 'Dumps', 'Scans', 'PayPal', 'Drops']",1
917,hollandgottalent,['silkroad'],['Germany'],"['Pills', 'Cocaine', 'Ketamine', 'LSD', '2C', 'Ecstasy']",1
918,Stadtgarten,['silkroad'],['Germany'],['Buds & Flowers'],1
919,xking,['silkroad'],['Not Specified'],"['LSD', 'Ecstasy']",1
920,OnePiece,"['silkroad', 'asap']",['United States of America'],['Ships From: '],2
921,gbmessicocaine,['silkroad'],['United Kingdom of Great Britain'],['Cocaine'],1
922,Premierpharma,['silkroad'],['United Kingdom of Great Britain'],['Pills'],1
923,n79u8,['silkroad'],['France'],"['Buds & Flowers', 'Pills', 'Oxycodon']",1
924,Amazon10,['silkroad'],['Netherlands'],"['LSD', 'Cocaine', 'Ecstasy']",1
925,TheRogueWizard,['silkroad'],['United States of America'],['Ships From: '],1
926,Waxthtazz,['silkroad'],"['United States', 'Not Specified']","['Edibles', 'Concentrates', 'Weed', 'eBooks']",1
927,caut2tuff,['silkroad'],['United Kingdom of Great Britain'],['Heroin'],1
928,candycrushde,['silkroad'],['Germany'],"['Heroin', 'Ecstasy', 'Cocaine']",1
929,FastFrenchPlug,['silkroad'],['France'],['Buds & Flowers'],1
930,ThisIsTheWhy,['silkroad'],['United States of America'],"['Ships From: ', 'LSD']",1
931,Flako,['silkroad'],['Germany'],"['Ecstasy', 'Speed', 'MDMA', 'Heroin', 'Meth']",1
932,QuasiHasi,['silkroad'],['Germany'],"['Oxycodon', 'Buds & Flowers']",1
933,youngmoney,"['silkroad', 'vice city']",['United Kingdom of Great Britain'],['E-Books'],2
934,TweeTy,['silkroad'],['Netherlands'],['Heroin'],1
935,ViceStoreNL,['silkroad'],['Netherlands'],['Cocaine'],1
936,MissX,['silkroad'],['Sweden'],['Ships From: '],1
937,biocbdonline,['silkroad'],['Spain'],['Buds & Flowers'],1
938,PartyKingz,['silkroad'],['Germany'],"['Ecstasy', 'Ketamine', 'LSD', 'Cocaine']",1
939,TheWizard,"['silkroad', 'asap']",['Gibraltar'],['Ships From: '],2
940,guruplough,['silkroad'],['Not Specified'],"['Oxycodon', 'eBooks', 'Opium', 'Counterfeits', 'CC/CVV']",1
941,stealthmedsuk,['silkroad'],['United Kingdom of Great Britain'],"['Pills', 'Steroids']",1
942,narcotichealthservice,['silkroad'],['United Kingdom of Great Britain'],"['Ketamine', 'LSD', 'Ecstasy']",1
943,GR8DRUGZ,['silkroad'],['United States of America'],['Heroin'],1
944,marcopolo1969,['silkroad'],"['France', 'Not Specified']","['Weed', 'Others', 'Opium', 'Seeds']",1
945,cleanbudsnow,['silkroad'],['United States of America'],['Buds & Flowers'],1
946,chillerkingCH,['silkroad'],['Switzerland'],"['Cocaine', 'Buds & Flowers']",1
947,TheGrowLads,['silkroad'],['Denmark'],['Buds & Flowers'],1
948,ViceKings,['silkroad'],['Netherlands'],['Cocaine'],1
949,jaribootiwalla,['silkroad'],['Nepal'],['Hash'],1
950,TheShop,['silkroad'],['Norway'],['Ships From: '],1
951,kanibas2,['silkroad'],"['United States', 'Not Specified']",['Weed'],1
952,SITHFRID,['silkroad'],['Not Specified'],"['Counterfeits', 'Carded Items']",1
953,ukwhite,['silkroad'],['United Kingdom of Great Britain'],['Cocaine'],1
954,LeMarchandsBox,['silkroad'],['United Kingdom of Great Britain'],['Cocaine'],1
955,Ondemand,['silkroad'],['United States'],"['eBooks', 'Accounts']",1
956,FunnyBones,['silkroad'],['United States of America'],['LSD'],1
957,farmafresh,['silkroad'],['United States of America'],['Buds & Flowers'],1
958,DNAbiotech,['silkroad'],['United Kingdom of Great Britain'],['Steroids'],1
959,BigPoleCoco,['silkroad'],['Not Specified'],"['Carded Items', 'Cocaine']",1
960,baby,['silkroad'],['United States of America'],"['Ships From: ', 'Erotica']",1
961,grannies,['silkroad'],"['Not Specified', 'United Kingdom']","['Xanax', 'Cocaine', 'Oxycodon', 'Hash', 'Others', 'Concentrates']",1
962,JollyShop,['silkroad'],['United States of America'],"['Ketamine', 'Cocaine', 'Mushrooms', 'LSD']",1
963,EmpireShop,"['silkroad', 'asap']",['United States of America'],['Ships From: '],2
964,bestplug,['silkroad'],['Not Specified'],"['Services', 'Counterfeits', 'Carded Items', 'Scans', 'Drops']",1
965,thebosseu,['silkroad'],"['Netherlands', 'Belgium']","['Ketamine', 'Cocaine', 'Speed', 'Ecstasy']",1
966,BertyStore,['silkroad'],['United States'],['Services'],1
967,Cafenero,['silkroad'],"['United States', 'United Kingdom', 'Netherlands']","['Heroin', 'Mushrooms', 'Meth', 'Weed', 'Xanax', 'Cocaine', 'Oxycodon', 'LSD', 'Hash', 'Diazepam', 'MDMA']",1
968,MegaTrip,['silkroad'],['Ukraine'],['Mushrooms'],1
969,TheScotchShop,['silkroad'],['United States of America'],['LSD'],1
970,letsgetbaked,['silkroad'],['United Kingdom of Great Britain'],['Buds & Flowers'],1
971,maxverstappen,['silkroad'],['Netherlands'],"['Ecstasy', 'Cocaine', 'LSD', 'Ketamine']",1
972,mrmeds,['silkroad'],['Bulgaria'],['Oxycodon'],1
973,KingKongNL,['silkroad'],['Netherlands'],"['Ketamine', 'Cocaine', 'Heroin']",1
974,bobmarley1973,['silkroad'],['France'],"['Buds & Flowers', 'Ecstasy', 'Hash']",1
975,careersclap,"['silkroad', 'asap']",['Western Sahara'],['Ships From: '],2
976,procarder7,['silkroad'],"['Not Specified', 'Cape Verde']","['eBooks', 'Banks', 'CC/CVV', 'PayPal', 'Accounts']",1
977,jazgigso964,['silkroad'],['United States'],"['Carded Items', 'Others']",1
978,sinaloacartel,['silkroad'],"['United States', 'Not Specified']","['Drops', 'Others']",1
979,theolddoctor,['silkroad'],['Germany'],"['Speed', 'Cocaine', 'Ecstasy', 'Heroin', 'Buds & Flowers', '2C']",1
980,thegoodboys,['silkroad'],['United States'],['Others'],1
981,LisaMoney,['silkroad'],['Netherlands'],['Ships From: '],1
982,dumbakarahi1,['silkroad'],"['United States', 'Not Specified']",['CC/CVV'],1
983,C4RD1NGC0D3,['silkroad'],['Germany'],['Ships From: '],1
984,Dutchglory,"['silkroad', 'vice city']",['Netherlands'],"['Cocaine', 'Ketamine', 'MDMA', 'Weed', 'Heroin']",2
985,Euro123,['silkroad'],"['Netherlands', 'Not Specified', 'Germany']","['Oxycodon', 'Weed', 'Meth', 'Speed', 'Ketamine', 'Xanax', 'Heroin', 'Ecstasy', 'Cocaine']",1
986,bestshops,['silkroad'],['United States'],"['Banks', 'CC/CVV', 'Counterfeits']",1
987,upsNL,['silkroad'],['Netherlands'],"['Ecstasy', 'Ketamine', 'Cocaine', 'Hash']",1
988,NoMercyNL,['silkroad'],['Netherlands'],"['MDMA', 'LSD', 'Weed', 'Speed', 'Ketamine']",1
989,ApothekeDE,['silkroad'],['Germany'],"['Oxycodon', 'Pills', 'Heroin']",1
990,thatguyforbud,['silkroad'],['United Kingdom of Great Britain'],['Buds & Flowers'],1
991,HighPremium,['silkroad'],['Germany'],['Hash'],1
992,poppyseedbagel,['silkroad'],['United States of America'],['Edibles'],1
993,grandsons,['silkroad'],['Germany'],['Cocaine'],1
994,Directkoke,['silkroad'],"['France', 'Not Specified']","['Hash', 'Cocaine', 'Speed', 'Carded Items']",1
995,Iceberg,['silkroad'],['Germany'],"['Ecstasy', 'Cocaine', 'Buds & Flowers']",1
996,guideboy,['silkroad'],['Not Specified'],"['CC/CVV', 'Drops']",1
997,yummy5656,['silkroad'],['Belgium'],['Ships From: '],1
998,goheyay1,['silkroad'],['Austria'],['Ships From: '],1
999,BeastoFallNations,['silkroad'],['United States'],['CC/CVV'],1
1000,McDrugZ,['silkroad'],['Germany'],"['Cocaine', 'Weed', 'Ecstasy']",1
1001,Streetlegend,['silkroad'],"['Netherlands', 'Not Specified']","['MDMA', 'Cocaine', 'Heroin', 'Weed', 'Ecstasy', '2C', 'LSD', 'Others', 'Ketamine']",1
1002,steadyeddieswares,['silkroad'],['United States of America'],"['Concentrates', 'Edibles']",1
1003,kangaroos,['silkroad'],['Australia'],['Ecstasy'],1
1004,HEIST,['silkroad'],['United States of America'],"['DMT', 'Heroin', 'Ecstasy', 'Oxycodon']",1
1005,fullzipp,['vice city'],[],[],1
1006,k1to,['vice city'],[],[],1
1007,CherryUK,['vice city'],[],[],1
1008,Venture,"['vice city', 'asap']",[],[],2
1009,TheWizzardNL,"['vice city', 'asap']",[],[],2
1010,Crypto2Psychs,['vice city'],[],[],1
1011,superhero,"['vice city', 'asap']",[],[],2
1012,highsierraranch,"['vice city', 'asap']",[],[],2
1013,redlemon,['vice city'],[],[],1
1014,DailyPaper,"['apollon', 'white house', 'vice city', 'torrez']",[],[],4
1015,flexowned,"['vice city', 'asap']",[],[],2
1016,ThePlace,['vice city'],[],[],1
1017,Ctrel,['vice city'],[],[],1
1018,WeedHunter1312,"['vice city', 'torrez']",[],[],2
1019,planetexpress,['vice city'],[],[],1
1020,maxwis,['vice city'],[],[],1
1021,==backatit28,"['white house', 'vice city']",[],[],2
1022,wearerotterdam,['vice city'],[],[],1
1023,vangoghdrugs,['vice city'],[],[],1
1024,LuckySupply,['vice city'],[],[],1
1025,mrwhiteog,['vice city'],[],[],1
1026,bojaxbrnbogglrs,['vice city'],[],[],1
1027,==melvinbankz,"['white house', 'vice city']",[],[],2
1028,VANSSHOP,['vice city'],[],[],1
1029,Divinepharmacy,['vice city'],[],[],1
1030,Brexitmooch,['vice city'],[],[],1
1031,Empireteam,"['vice city', 'empire']",[],[],2
1032,==lloydspharma,"['white house', 'vice city']",[],[],2
1033,ABCandy,"['vice city', 'asap']",[],[],2
1034,usaelite,"['white house', 'vice city', 'torrez']",[],[],3
1035,Gmail,"['vice city', 'torrez', 'world market']",[],[],3
1036,espn,"['vice city', 'asap']",[],[],2
1037,HAZETIME,['vice city'],[],[],1
1038,greencity,['vice city'],[],[],1
1039,ChillPharma,['vice city'],[],[],1
1040,FrankMatthews,['vice city'],[],[],1
1041,DoctorSuess,['vice city'],[],[],1
1042,GreenConnection,"['vice city', 'monopoly', 'invictus']",[],[],3
1043,CzechShards,['vice city'],[],[],1
1044,KeepTheDopeAlive,['vice city'],[],[],1
1045,goodtripclub,"['vice city', 'asap']",[],[],2
1046,DrugsBakerynl,"['vice city', 'asap']",[],[],2
1047,neighborjiminl,['vice city'],[],[],1
1048,thebestseller,['vice city'],[],[],1
1049,MonPham,['vice city'],[],[],1
1050,Meds4ED,['vice city'],[],[],1
1051,TrapgodInternat,"['vice city', 'empire', 'wall street']",[],[],3
1052,MiamiVice,['vice city'],[],[],1
1053,SvenskaVaror,['vice city'],[],[],1
1054,MADvapes,"['white house', 'vice city']",[],[],2
1055,HappyShop,['vice city'],[],[],1
1056,Seedless,['vice city'],[],[],1
1057,jamesocean,"['white house', 'vice city', 'torrez', 'empire', 'asap']",[],[],5
1058,reddingtonn,"['vice city', 'torrez', 'cartel']",[],[],3
1059,theplugshop,['vice city'],[],[],1
1060,==MonPham,"['white house', 'vice city']",[],[],2
1061,monsterlabstore,"['vice city', 'asap']",[],[],2
1062,davinci23,['vice city'],[],[],1
1063,OnlyMedicinal,['vice city'],[],[],1
1064,LaFsociety,"['white house', 'vice city']",[],[],2
1065,DigitalSin,['vice city'],[],[],1
1066,dmsoldiersndd,"['vice city', 'asap']",[],[],2
1067,Luxdrugstore,"['vice city', 'asap']",[],[],2
1068,Haier,['vice city'],[],[],1
1069,usacc,['vice city'],[],[],1
1070,luckycardinal5,"['vice city', 'asap']",[],[],2
1071,Cocokingz,['vice city'],[],[],1
1072,BusterCappz,['vice city'],[],[],1
1073,KindCannabis,['vice city'],[],[],1
1074,dutchtopquality,"['vice city', 'torrez', 'empire', 'asap', 'berlusconi', 'cryptonia', 'nightmare']",[],[],7
1075,scottishflavourz,['vice city'],[],[],1
1076,sococreationsco,"['vice city', 'empire']",[],[],2
1077,KitKat,"['vice city', 'silkroad']",[],[],2
1078,Looneytunes,['vice city'],[],[],1
1079,PsychedelicaShop,['vice city'],[],[],1
1080,freewalder,['vice city'],[],[],1
1081,FrankCostello,['vice city'],[],[],1
1082,Cannabuds,['vice city'],[],[],1
1083,MickeyMouseNLL,"['apollon', 'white house', 'vice city', 'torrez', 'empire', 'darkfox', 'asap', 'berlusconi', 'monopoly', 'icarus', 'cryptonia', 'world market']",[],[],12
1084,vicebuddy,['vice city'],[],[],1
1085,sputnik706,"['vice city', 'asap']",[],[],2
1086,onenation,['vice city'],[],[],1
1087,factory,['vice city'],[],[],1
1088,DutchPharmacyNL,"['vice city', 'torrez']",[],[],2
1089,icebergs,['vice city'],[],[],1
1090,greenpirate,"['apollon', 'vice city', 'empire']",[],[],3
1091,nightowl,['vice city'],[],[],1
1092,partycrew,"['vice city', 'asap']",[],[],2
1093,baselswitzerland,"['vice city', 'asap']",[],[],2
1094,guthguth,['vice city'],[],[],1
1095,pachostore,['vice city'],[],[],1
1096,NL2U,['vice city'],[],[],1
1097,weedpandauk,['vice city'],[],[],1
1098,DabAllDay710,['vice city'],[],[],1
1099,ScotchAndCoca,['vice city'],[],[],1
1100,schalke04,['vice city'],[],[],1
1101,XTCMonster,['vice city'],[],[],1
1102,johndeep,['vice city'],[],[],1
1103,h3exx,"['vice city', 'asap']",[],[],2
1104,BlackMonday,['vice city'],[],[],1
1105,stero2419,['vice city'],[],[],1
1106,dayglow,['vice city'],[],[],1
1107,QualityFakeIDs,['asap'],[],[],1
1108,DrugsCenter,['asap'],[],[],1
1109,bodega,['asap'],[],[],1
1110,brucelean,['asap'],[],[],1
1111,auspride,['asap'],[],[],1
1112,meds4ed,['asap'],[],[],1
1113,Germanapothekers,['asap'],[],[],1
1114,Tesco%20Express,['asap'],[],[],1
1115,qwoer,['asap'],[],[],1
1116,Telstra,['asap'],[],[],1
1117,HeinekenExpress,['asap'],[],[],1
1118,TrapGod,['asap'],[],[],1
1119,clumsysmurf,['asap'],[],[],1
1120,fastdrugsusa,['asap'],[],[],1
1121,Deepufo,['asap'],[],[],1
1122,maligan,['asap'],[],[],1
1123,LaFarmacia,['asap'],[],[],1
1124,doguitdelft,['asap'],[],[],1
1125,powsub000,['asap'],[],[],1
1126,eyelovelucy,['asap'],[],[],1
1127,HQproducts,['asap'],[],[],1
1128,apteek,['asap'],[],[],1
1129,exclusivepharma,['asap'],[],[],1
1130,santamuerte,['asap'],[],[],1
1131,BoujieExchange,['asap'],[],[],1
1132,OzBay,['asap'],[],[],1
1133,JokerOker,['asap'],[],[],1
1134,falloutb0y,['asap'],[],[],1
1135,Phobiclumbar,['asap'],[],[],1
1136,TOMORROWLAND,['asap'],[],[],1
1137,Yaybae,['asap'],[],[],1
1138,DutchDrugz,['asap'],[],[],1
1139,Blauwkat,['asap'],[],[],1
1140,Zaguble,['asap'],[],[],1
1141,darknetprofits,['asap'],[],[],1
1142,Captain01,['asap'],[],[],1
1143,StigmaticMedicine,['asap'],[],[],1
1144,55555555,['asap'],[],[],1
1145,PremierLeague,['asap'],[],[],1
1146,mollymob,['asap'],[],[],1
1147,Darkangus,['asap'],[],[],1
1148,Jungleboysofficial,['asap'],[],[],1
1149,realchemsupplier,['asap'],[],[],1
1150,XanaxBlotters,['asap'],[],[],1
1151,sweetsNtreats,['asap'],[],[],1
1152,DomesticGoddess,['asap'],[],[],1
1153,DutchDrugOrder,['asap'],[],[],1
1154,ash_williams,['asap'],[],[],1
1155,NightlifeKings,['asap'],[],[],1
1156,DopamineDealer,['asap'],[],[],1
1157,MASTERSS5,['asap'],[],[],1
1158,pharmamed,['asap'],[],[],1
1159,MrAcid,['asap'],[],[],1
1160,dutchplugnl,['asap'],[],[],1
1161,vinicius12,['asap'],[],[],1
1162,TboyGang,['asap'],[],[],1
1163,TheStealthTeam,['asap'],[],[],1
1164,K1to,['asap'],[],[],1
1165,RXChemist,['asap'],[],[],1
1166,SuperSuperGrade,['asap'],[],[],1
1167,proyectoequis,['asap'],[],[],1
1168,Kaasschaaf,['asap'],[],[],1
1169,themushrooman,['asap'],[],[],1
1170,Donalddrugs,['asap'],[],[],1
1171,Wardog_GmbH,['asap'],[],[],1
1172,ElizabethQueen2,['asap'],[],[],1
1173,sweatless,['asap'],[],[],1
1174,topkittzz,['asap'],[],[],1
1175,GreenService,['asap'],[],[],1
1176,LegitCrew,['asap'],[],[],1
1177,NamasteLSD,['asap'],[],[],1
