,name,products,completed_orders,ships_from
0,Medicamentum,['Benzos'],15,['United Kingdom']
1,deemzbeemz,['DMT'],0,['United States']
2,OrganicUKSoil,['Weed'],1,['United Kingdom']
3,pharmatec,[],0,[]
4,chapowlini,"['Cocaine', 'XTC Pills']",6,['Netherlands']
5,N8claw,['Heroin'],3,['Germany']
6,lalilulelokill,['Concentrates'],3,['United Kingdom']
7,QuantumDocs,['Cards & CVV'],0,[]
8,Biosphere,['Other'],0,['France']
9,deepmagic,[],0,[]
10,trusteelucky,"['Fraud', 'Other', 'Accounts', 'Data & Scans', 'Cards & CVV', 'Malware', 'Drugs', 'E-Books', 'Videos & Photos', 'Databases', 'Hacking']",175,[]
11,Drugsdotcom,"['Hydrocodone', 'Oxycodone', 'Adderal', 'Opium', 'Morphine', 'Stimulants']",51,['United States']
12,ICEGOD,['Methamphetamine'],0,['Canada']
13,danielvitor61,[],0,[]
14,hentaigod,['Amphetamine'],1,['Germany']
15,mysteryland,[],0,[]
16,DopeNL,"['MDMA', 'Cocaine', 'Heroin']",4,['Netherlands']
17,MobTies,[],0,[]
18,bolivianlord,[],0,[]
19,jaketheplug,[],0,[]
20,LaLaLandUK,"['Other', 'E-Books']",0,[]
21,UnKnoWn7GodZ,[],0,[]
22,mythbusters,"['Cocaine', 'Amphetamine', 'LSD', 'XTC Pills', 'MDMA', 'Weed', 'Heroin', 'Ketamine']",2,['Netherlands']
23,chemdelacreme,"['Adderal', 'Amphetamine', 'Weed', 'Benzos', 'Concentrates']",5,['United Kingdom']
24,SubWaYsFiNesT,[],0,[]
25,shroomery,['Mushrooms'],0,['Germany']
26,Popesstash,[],0,[]
27,mushroomchick,['Mushrooms'],3,['United States']
28,LauraSilver,['Weed'],12,['Germany']
29,LinRita20,[],0,[]
30,eternos,[],0,[]
31,Hackerprof,"['Services', 'Malware']",0,[]
32,Drmeds,"['Oxycodone', 'Methadone', 'Adderal', 'Relaxants']",4,['United States']
33,dutchconnect,"['Money', 'Weed', 'Services', 'Heroin', 'Fake IDs', 'LSD', 'Benzos', 'Dumps', 'Cocaine', 'Oxycodone']",0,['United Kingdom']
34,stonesthrowJ,"['Weed', 'Money', 'Drugs', 'Methadone', 'Codeine', 'XTC Pills', 'MDMA', 'Morphine']",0,['United States']
35,UStoUS,"['Stimulants', 'Adderal', 'Oxycodone', 'Morphine', 'Hydrocodone', 'Methadone']",64,['United States']
36,deerplug,[],0,[]
37,GermanDreams,[],0,[]
38,herbandculture,['Mushrooms'],0,['United States']
39,pimpinbaby,"['Data & Scans', 'Personal Info', 'Fraud', 'Accounts & Drops']",9,[]
40,DutchMagic,"['LSD', 'Ketamine', '2C', 'Cocaine', 'MDMA']",107,['Netherlands']
41,LucySkyDiamond,[],0,[]
42,meds2buy,[],0,[]
43,BumbleBee,"['Other', 'Relaxants', 'Stimulants']",1,['Australia']
44,Wgrowergirlz,['Drugs'],0,['France']
45,dreamliner777,[],0,[]
46,evola,"['Personal Info', 'Cards & CVV']",53,[]
47,MARKNEWS,"['Electronics', 'Other', 'Adderal', 'Drugs', 'Accounts', 'Services', 'Ketamine']",0,"['United States', 'Russian Federation', 'Cura√ßao', 'Canada', 'Andorra']"
48,drugzone,[],0,[]
49,Breakdown,"['Accounts & Drops', 'Cards & CVV']",21,[]
50,eastcoastsesh,"['Edibles', 'Weed']",8,['United States']
51,drugsource,[],0,[]
52,wwcs2020,"['Methamphetamine', 'DMT', 'XTC Pills']",0,['Netherlands']
53,Blackeagle26,['Methamphetamine'],8,[]
54,trustmed,"['Weed', 'Oxycodone', 'Hacking', 'LSD', 'Money', 'Ketamine', 'XTC Pills', 'Hash', 'Databases', 'Methamphetamine', 'Fraud', 'Adderal', 'Cocaine', 'Benzos', 'Cards & CVV', 'Heroin']",0,"['Germany', 'Australia']"
55,power11,[],0,[]
56,Schneider,['Cocaine'],1378,['Germany']
57,majordan,[],0,[]
58,ixef,['Data & Scans'],3,[]
59,leparfait,[],0,[]
60,Katarina,"['Accounts', 'Other', 'E-Books']",0,[]
61,club33,"['Cocaine', 'Benzos']",168,['United Kingdom']
62,DrYousef,"['Other', 'Morphine', 'E-Books']",3,['United States']
63,petet0ng,['Concentrates'],0,[]
64,PharmaFR,"['Methamphetamine', 'LSD', 'MDMA', 'Methadone', 'Heroin', 'Ketamine']",0,['France']
65,CartPusher,"['Edibles', 'Weed', 'Concentrates']",2,['United States']
66,KingofEuros,['Money'],1,['Germany']
67,DisneyLand,[],0,[]
68,AllStarsEXPRES,['Weed'],3,['Germany']
69,ExpressService,"['DMT', 'Amphetamine']",95,['Germany']
70,suomenninja,['Weed'],4,['Finland']
71,Puhdas,"['Ketamine', 'Cocaine']",1,['Finland']
72,Canadabis,"['MDMA', 'Cocaine', 'Weed', 'XTC Pills']",0,['Canada']
73,Sbright,"['Opium', 'Weed', 'Benzos', 'Cocaine', 'Adderal', 'Stimulants', 'Oxycodone', 'Hydrocodone', 'Morphine', 'Methamphetamine', 'Ketamine']",44,['United States']
74,snowflakes,['Cocaine'],5,['United Kingdom']
75,NinjaCowboy,[],0,[]
76,ramashkaCC,['Cards & CVV'],5,[]
77,ikumnyilite,"['Cards & CVV', 'Databases']",0,[]
78,procarder,[],0,[]
79,nitrohamster,['Weed'],0,['Australia']
80,Axelrod,['Cards & CVV'],141,[]
81,mfj0nes,[],0,[]
82,amnezia,['Weed'],0,['Spain']
83,Herbalist,['Weed'],0,['Spain']
84,YoungAmsterdam,"['Ketamine', 'Cocaine', 'LSD', 'MDMA', 'Crack', 'Drugs']",18,"['Germany', 'Netherlands']"
85,ChilledFrogUK,"['Stimulants', 'Relaxants', 'Amphetamine']",30,['United Kingdom']
86,Emperorman,"['Databases', 'E-Books', 'Fake IDs']",4,[]
87,shadaloo,[],0,[]
88,PickwckFctryNL,"['2C', 'Heroin', 'Ketamine', 'LSD', 'Cocaine', 'XTC Pills', 'Hash']",40,['Netherlands']
89,PlntHollywood,[],0,[]
90,darkalias,[],0,[]
91,Narcotics,[],0,[]
92,FrankTheBunny,"['Steroids', 'Weed']",0,['United Kingdom']
93,maverick111,['Benzos'],0,['United States']
94,goddystuff77,[],0,[]
95,ganoliman,"['Benzos', 'Weed']",0,['United States']
96,TheRxPharma,"['Relaxants', 'Benzos', 'Stimulants']",4,"['United States', 'India', 'United States Minor Outlying Islands']"
97,bigpharmaswiss,[],0,[]
98,gernarc,['Weed'],0,['Germany']
99,Powermix,"['Weed', 'Cocaine']",30,['Germany']
100,cloudflare,['Cards & CVV'],0,[]
101,thehappybear,[],0,[]
102,Topboy,"['Benzos', 'Amphetamine', 'Weed', 'XTC Pills']",24,['United Kingdom']
103,shan,[],0,[]
104,LilyLotusUK,[],0,[]
105,terrysukstock,['Benzos'],6,['United Kingdom']
106,HigherGrade,[],0,[]
107,Psychedelica,"['Amphetamine', 'MDMA', 'XTC Pills', 'Ketamine', '2C', 'LSD', 'Methamphetamine', 'Cocaine']",30,[]
108,greenfox,"['Weed', 'Concentrates']",12,[]
109,tomandjerry,"['Heroin', 'Ketamine', 'Crack', 'MDMA', 'Cocaine', 'LSD']",150,['Netherlands']
110,Legendary,"['Fraud', 'Data & Scans', 'Other', 'Drugs', 'Hacking', 'Security', 'Security Software', 'E-Books']",101,[]
111,KeepItFresh,[],0,[]
112,ExpressDrugs,[],0,[]
113,gonzale5,"['Amphetamine', 'Weed']",6,['United Kingdom']
114,HotShop,"['Drugs', 'Fraud', 'Fake IDs', 'Security', 'E-Books', 'Services', 'Socks', 'Hacking']",59,[]
115,moowmoow,['Mushrooms'],3,['Albania']
116,trazy15,"['Opium', 'Methadone', 'Adderal', 'Hydrocodone', 'Other', 'Oxycodone']",20,['United States']
117,timmy622,['Cocaine'],8,['United Kingdom']
118,blacknoir,"['Ketamine', 'Methamphetamine', 'GHB']",0,['United States']
119,AAquality,[],0,[]
120,rabbithole,['Mushrooms'],0,['Canada']
121,tig3r,"['Ketamine', 'Weed']",30,['United Kingdom']
122,Syndikat,['Heroin'],1,['Germany']
123,memo657,"['Crack', 'Cocaine']",0,['United States']
124,tereifer,['Weed'],0,['Spain']
125,TulipNL,"['LSD', 'XTC Pills']",3,['Netherlands']
126,GreenLeafDE,"['Weed', 'Amphetamine']",291,['Germany']
127,merchantlabs,"['Databases', 'Socks', 'Hosting']",0,[]
128,Sakari,['Weed'],1,['Finland']
129,ROZZBY,"['Ketamine', 'Oxycodone', 'Stimulants', 'Money', 'Cocaine', 'Heroin', 'Other']",2,['United States']
130,benzodiazepine,[],0,[]
131,UberShop,"['Edibles', 'Weed', 'Hash', 'Stimulants']",43,['United Kingdom']
132,Panacea05,['Stimulants'],2,['United States']
133,DrunkNinja,"['Other', 'Fraud', 'Malware', 'Crypters', 'Hacking', 'Botnets']",583,[]
134,TheGrandWizard,[],4,[]
135,gblSupply,"['Other', 'GBL', 'Benzos']",39,['Germany']
136,Profiron,[],0,[]
137,blackmanba1fe,['Other'],11,['France']
138,DrugzFromNL,[],0,[]
139,Prolific,"['Weed', 'Adderal', 'Personal Info']",0,['United Kingdom']
140,rxsub,[],0,[]
141,WeedWitch2020,[],0,[]
142,speedygonzalez,[],0,[]
143,LucyShop,[],0,[]
144,Skyscraper,[],0,[]
145,savesballstore,['Cocaine'],11,['United States']
146,winterdreamer,[],0,[]
147,mushmedic,[],0,[]
148,datakali,['Personal Info'],347,[]
149,scrypto1123,"['Heroin', 'Methamphetamine', 'Other']",18,['United States']
150,narcofacemask,[],0,[]
151,Lemmonflavor,['Edibles'],0,['United States']
152,Odessy007,['Oxycodone'],4,['United States']
153,TheSpecialist,['Hacking'],0,[]
154,private1506,[],0,[]
155,Insta,['Cocaine'],17,['United States']
156,ConnectPL,[],0,[]
157,budz,['Weed'],0,[]
158,TheOxyMen,"['GHB', 'Codeine', 'Relaxants', 'Mushrooms', 'LSD', 'Ketamine', 'Oxycodone', 'Cocaine', 'Other', 'Stimulants', 'Methamphetamine', 'Benzos', 'GBL', 'XTC Pills']",16,['United Kingdom']
159,DrugzDealerNRW,"['Methamphetamine', 'Cocaine']",13,['Germany']
160,procarder2,"['Cards & CVV', 'Fraud', 'Rats', 'Accounts & Drops']",42,[]
161,greatwhite,[],0,[]
162,WizardofOZs,[],0,[]
163,darkapo,['Adderal'],4,['Germany']
164,Godelicious,"['Cocaine', 'MDMA', 'LSD', 'XTC Pills']",7,['Germany']
165,RanjidPanjid,['Fraud'],21,[]
166,Wonderman,[],0,[]
167,DopeSeller,"['LSD', 'MDMA', 'Cocaine', 'Ketamine', '2C']",39,['Netherlands']
168,amazingstore77,"['Adderal', 'Money', 'Services', 'Weed', 'Benzos', 'Fraud', 'Stimulants', 'Oxycodone', 'Cocaine', 'LSD', 'Concentrates']",0,['United States']
169,cjack8102,[],0,[]
170,fungifunguy,[],0,[]
171,LaFamilia55,"['Weed', 'Hash']",8,['Spain']
172,digitalxshop,"['Other', 'Malware', 'Exploits', 'E-Books', 'Data & Scans', 'Software Keys', 'Exploit Kits', 'Crypters', 'Botnets', 'Hacking']",36,[]
173,SPTRLTD,"['Cards & CVV', 'Fake IDs', 'Other', 'Tobacco', 'Hacking', 'Botnets', 'Miscellaneous', 'Cocaine', 'Fraud']",14,"['United Kingdom', 'Thailand']"
174,GomerPyle,[],0,[]
175,prodigy,[],0,[]
176,deller,['Cards & CVV'],97,[]
177,TorDrug,"['Stimulants', 'Weed', 'Hash']",16,['France']
178,TheRussianHack,['Software Keys'],0,[]
179,TheShroomRoom,['Mushrooms'],0,['United States']
180,drhack3r,[],0,[]
181,Drugeroo,"['Benzos', 'Weed', 'Drugs']",28,['United Kingdom']
182,thetrueacid,[],0,[]
183,WhiteEnigma,"['Hacking', 'Botnets', 'Accounts & Drops', 'Malware']",0,[]
184,chucksman92,"['2C', 'Cocaine', 'Ketamine', 'Benzos', 'Money', 'Hacking', 'Weed', 'Cards & CVV', 'Methadone', 'Hydrocodone', 'Fake IDs', 'Hash', 'Stimulants', 'XTC Pills', '5-MeO', 'Jewelry & Gold', 'Heroin', 'Steroids', 'Codeine', 'Services']",0,['Germany']
185,HoneyPotFarms,[],0,[]
186,ganjahero,"['Weed', 'Concentrates']",27,['United States']
187,Martell,"['Cocaine', 'Weed']",35,['United Kingdom']
188,HoldmyHand,"['Opium', 'Methadone', 'Adderal', 'Hydrocodone', 'Oxycodone', 'Stimulants', 'Morphine']",35,['United States']
189,auscardking,['Accounts & Drops'],0,[]
190,azactive,[],0,[]
191,DreamWeaver,"['Amphetamine', 'Weed']",8,['United Kingdom']
192,Arbeitsamt,[],0,[]
193,Frenchquality,"['Heroin', 'Cocaine', 'Benzos', 'Methadone', 'Relaxants']",3,['France']
194,addystarr,"['Stimulants', 'Other']",0,['United States']
195,DBProvider,['Personal Info'],0,[]
196,JOYinc,"['MDMA', 'Methamphetamine', 'Cocaine']",2,['United States']
197,topmoneymaker,[],0,[]
198,ukpharma,[],0,[]
199,monkeyforty7,[],0,[]
200,Copek,"['MDMA', 'Weed', 'Hash', 'Cocaine']",0,['France']
201,CCARDTEL,[],3,[]
202,partygirlinc,"['Benzos', 'MDMA', 'Stimulants']",27,['United States']
203,lloydspharma,"['Oxycodone', 'Heroin', 'Opium', 'Stimulants', 'Amphetamine', 'Weed']",31,['United Kingdom']
204,blackmagicplc,['Cocaine'],9,['United Kingdom']
205,superweedsonic,[],0,[]
206,high361,[],0,[]
207,FrancExsta,"['Amphetamine', 'MDMA', 'Ketamine', 'XTC Pills']",0,['France']
208,aztrakarda,['Data & Scans'],0,[]
209,auspharma,[],0,[]
210,Borderless,"['Edibles', 'Concentrates', 'Weed', 'Hash', 'Benzos']",1,['United Kingdom']
211,MyNarcotics,[],0,[]
212,samsungman,"['Accounts & Drops', 'Miscellaneous', 'Services', 'Clothing', 'Hosting', 'Money', 'Fake IDs']",0,['United States']
213,expectus,[],0,[]
214,Wilsonmeths,"['Benzos', 'XTC Pills']",0,[]
215,psychonaut999,['Oxycodone'],0,['United Kingdom']
216,Weedpost,['Weed'],0,['Germany']
217,Xanking,[],0,[]
218,starwars,"['Accounts', 'Fraud']",3,[]
219,mrsnowbaby,"['Weed', 'Benzos', 'Codeine']",19,['France']
220,elephantcastle,"['RCs', 'Benzos', 'Amphetamine', 'Adderal']",9,['United Kingdom']
221,staubitz99,[],0,[]
222,empathogene,[],0,[]
223,HeartKidnapper,"['Cards & CVV', 'Hacking', 'Fraud']",231,[]
224,HappyShopOrigi,"['Leaks', 'Hacking', 'Rats', 'Electronics', 'Clothing', 'Accounts & Drops', 'Cards & CVV', 'Dumps', 'Miscellaneous', 'Other']",232,[]
225,Corleones,[],0,[]
226,YourDealer,['Weed'],0,['Germany']
227,PSteroids,['Steroids'],0,[]
228,sexyhomer,['Jewelry & Gold'],0,['China']
229,amaweed,['Weed'],6,['France']
230,TheMasterKey,[],0,[]
231,lutonlu,"['Accounts', 'Jewelry & Gold']",26,['Estonia']
232,CafeNero,"['Mushrooms', 'Methamphetamine', 'Stimulants', 'Oxycodone', 'Cocaine', 'Benzos', 'Heroin Black Tar', 'Adderal', 'Heroin', 'MDMA', 'Ketamine', 'LSD', 'Weed']",108,"['United States', 'United Kingdom']"
233,WasntMe,[],0,[]
234,craigman,['Benzos'],11,['United States']
235,naberya56,[],0,[]
236,LazySunday,"['Benzos', 'Stimulants', 'Other']",4,['Bulgaria']
237,ddprovider,"['Fraud', 'Personal Info']",38,[]
238,chicagobud,[],0,[]
239,KitkatAB,['Data & Scans'],0,['Mexico']
240,RockStarPILSNL,"['Cocaine', 'XTC Pills']",6,['Netherlands']
241,DopingDuck,"['Methamphetamine', 'Cocaine', 'Amphetamine']",1,['Netherlands']
242,heromeister,['Heroin'],3,['Germany']
243,PrescoxySquad,[],0,[]
244,GamersHells,"['Oxycodone', 'Benzos', 'Cocaine', 'Weed', 'XTC Pills', 'RCs', 'Codeine', 'Concentrates', 'Hash', 'Edibles', 'DMT', 'Heroin', 'Mushrooms', 'Methadone']",87,['United States']
245,yoshisteam,"['Security', 'Fraud', 'Dumps', 'Accounts & Drops', 'Accounts', 'Services', 'Hacking', 'Security Software']",710,[]
246,powderhome,"['Adderal', 'Benzos', 'Oxycodone', 'Ketamine', 'XTC Pills']",1,['United States']
247,incognitous,"['Personal Info', 'Accounts & Drops']",1,[]
248,dotzero,"['Services', 'Accounts & Drops', 'Other', 'Dumps', 'Hacking', 'Fraud', 'Cards & CVV', 'Databases']",0,[]
249,ThaKingDadpop,"['Opium', 'GHB', 'Other', 'Benzos', 'Ketamine', 'Weed', 'Stimulants', 'Cocaine', 'Methamphetamine', 'MDMA']",0,"['United States', 'France']"
250,bestmeds,"['Money', 'Ketamine', 'Codeine', 'Oxycodone', 'Benzos', 'Adderal']",0,['United States']
251,thundergod,[],0,[]
252,PsychoRev,[],0,[]
253,FlyingDrugzMan,"['Weed', 'Ketamine', 'XTC Pills', 'Cocaine']",25,['Netherlands']
254,nakkie,[],0,[]
255,Pinoccio,"['MDMA', 'Amphetamine', 'Ketamine', 'Cocaine', 'Heroin', 'Hash', 'XTC Pills']",5,['Germany']
256,klaasflakko,[],0,[]
257,dmtcarts,[],0,[]
258,Shorestore,['Heroin'],19,['Germany']
259,Trapgod,"['Weed', 'Hash']",3,['Germany']
260,QualiMoon,['Codeine'],0,['United States']
261,JamesOcean,[],0,[]
262,maurelius,"['Weed', 'Cocaine', 'Hash']",3,['United Kingdom']
263,dpdutchrunners,[],0,[]
264,MrM420,['Weed'],10,['United Kingdom']
265,projeccao,"['LSD', 'Weed', 'XTC Pills', 'MDMA']",23,['France']
266,Pillenschleude,['Adderal'],3,['Germany']
267,FGWL,[],0,[]
268,PTGS,[],0,[]
269,youbeenhacked,['Socks'],5,[]
270,usapharm,"['Stimulants', 'Benzos', 'Relaxants']",8,['United States']
271,cheaplikedirt,"['Other', 'Ketamine', 'Cocaine', 'Drugs']",40,['United States']
272,Firefly,"['Heroin', 'Codeine', 'Ketamine', 'Stimulants', 'Oxycodone', 'XTC Pills', 'MDMA', 'Cocaine', 'Adderal', 'Benzos']",1,['Netherlands']
273,DumpsTracks,"['Dumps', 'Personal Info', 'Data & Scans']",2,[]
274,thcwizzard,[],0,[]
275,TrustMatters,[],0,[]
276,CosmicCannabis,"['Edibles', 'Concentrates']",8,['United States']
277,gwolf,['Data & Scans'],5,[]
278,alibaba,"['Cocaine', 'Heroin']",6,['France']
279,MarioUndPeach,['Weed'],4,['Germany']
280,MembersOnly,[],0,[]
281,thesandman,['Benzos'],0,['United Kingdom']
282,MOLADVI,['Money'],0,['United States']
283,maltamagic,"['Jewelry & Gold', 'Weed', 'Data & Scans']",0,['United Kingdom']
284,blackmarket,"['Services', 'Fraud']",4,[]
285,drogenbauer,[],0,[]
286,CB2020,[],0,[]
287,weaver777,"['Ketamine', 'Weed']",2,['United Kingdom']
288,PharmaWorldUK,"['Codeine', 'Oxycodone', 'Benzos', 'Ketamine', 'Amphetamine']",6,['United Kingdom']
289,darkzone,"['Cocaine', 'Amphetamine', 'XTC Pills']",19,['Germany']
290,ladyskywalker,"['Cards & CVV', 'Money', 'Accounts & Drops', 'Fake IDs']",0,['United States']
291,premierpharma,"['Benzos', 'Codeine', 'Morphine', 'Relaxants', 'Other', 'Steroids']",117,['United Kingdom']
292,peterpaperguy,"['Fraud', 'Data & Scans', 'Fake IDs', 'E-Books']",5,['United States']
293,malwareshop,['Fraud'],2,[]
294,shroomers,['Mushrooms'],0,['Canada']
295,dutchunited,"['MDMA', 'XTC Pills', 'Cocaine']",17,['Netherlands']
296,fastfrance,"['Weed', 'Hash', 'Concentrates']",0,"['United Kingdom', 'France']"
297,dumbledore,['Weed'],0,['Canada']
298,SimonsToolBox,[],0,[]
299,dreamstore,"['Money', 'Fake IDs', 'Databases']",1,"['Germany', 'United States']"
300,koko44,[],0,[]
301,cocokingz,"['Heroin', 'Cocaine', 'Hash']",0,"['Netherlands', 'Germany']"
302,happyseller1,"['Services', 'Accounts & Drops', 'Cards & CVV', 'Fake IDs', 'Data & Scans', 'Hacking', 'Software Keys', 'Security', 'Accounts']",27,['Germany']
303,Kontaktmann,[],0,[]
304,fuckmeloud,"['Stimulants', 'Accounts', 'Concentrates', 'Oxycodone', 'Cocaine', 'Cards & CVV', 'Money', 'Ketamine', 'Weed']",19,"['United States', 'Armenia', 'United Kingdom']"
305,topshopuk,['Cocaine'],0,['United Kingdom']
306,RaymondRay,"['Weed', 'DMT', 'Cocaine', 'XTC Pills', 'Benzos', 'Hash', 'Oxycodone', 'Opium', 'Methoxetamine', 'Stimulants', 'LSD', 'Mushrooms', 'MDMA', 'Amphetamine', 'Crack', 'Concentrates']",7,['Netherlands']
307,rapesec,"['Fraud', 'Hacking', 'Security']",0,[]
308,neighborjimi,"['LSD', 'Ketamine', 'Methamphetamine', 'Cocaine']",25,['Netherlands']
309,WVANORANJE,"['MDMA', 'XTC Pills', 'Heroin', 'Amphetamine', 'Cocaine', 'LSD', 'Ketamine']",159,['Netherlands']
310,accountisland,[],0,[]
311,lucky,"['Weed', 'Edibles', 'Concentrates']",4,['United States']
312,momox,"['Opium', 'Methamphetamine', 'DMT', 'Heroin', 'Benzos', 'LSD']",42,"['Austria', 'Germany']"
313,Ghost1,[],0,[]
314,DrOetkerDE,[],0,[]
315,BobShop,[],0,[]
316,realchemsuppli,"['Benzos', 'RCs', 'Crack', 'Cocaine', 'Ketamine', 'Methamphetamine']",1,['China']
317,CardsRus,"['Data & Scans', 'Personal Info']",21,[]
318,tony420,[],0,[]
319,derDeutsche,['Drugs'],1,['Germany']
320,TheHappyDwarf,"['Hash', 'Weed', 'XTC Pills']",9,['Spain']
321,Cali420Service,"['Concentrates', 'Weed']",4,['United States']
322,loyalty,"['Accounts', 'Services', 'XTC Pills', 'Other', 'Fraud', 'Cards & CVV', 'Accounts & Drops', 'Security Software', 'Hacking', 'Leaks', 'Fake IDs']",51,['France']
323,ShamanUK,"['LSD', 'DMT']",2,['Ireland']
324,supreamkiller,"['Personal Info', 'Accounts & Drops', 'Fraud']",0,[]
325,Versus,"['Weed', 'Codeine', 'Benzos', 'Steroids', 'Concentrates', 'Adderal', 'LSD', 'DMT', 'Mushrooms', '2C', 'MDMA', 'Methoxetamine', 'Hash', 'Cocaine', 'Other', 'Edibles', 'Ketamine']",1,['United States']
326,XPress,[],0,[]
327,carlosmano,"['Accounts', 'Miscellaneous']",5,[]
328,friday13th,"['Miscellaneous', 'Fraud']",0,[]
329,DopeMastersNL,[],0,[]
330,2GD4DN,[],0,[]
331,candyonline,['Money'],0,['Netherlands']
332,globalstims,[],0,[]
333,unitedpharma,['Benzos'],0,['United States']
334,JamalsPlantage,['Weed'],1,['Germany']
335,PILLSDr,['Benzos'],2,[]
336,pure,[],0,[]
337,cityshop,"['Benzos', 'Oxycodone', 'Accounts & Drops', 'Cards & CVV', 'Money', 'XTC Pills', 'Cocaine', 'Accounts', 'LSD', 'Hydrocodone']",0,['United States']
338,dulcecuarenten,[],0,[]
339,NewYorker,[],0,[]
340,ITPharmaMarket,['Benzos'],0,['United Kingdom']
341,drritalin,['Adderal'],1,['Germany']
342,fungee,[],0,[]
343,speedzone,[],0,[]
344,UKshop,[],0,[]
345,Whiteboard,['Adderal'],0,['Switzerland']
346,DopeThrone,[],0,[]
347,DrRelax,"['Weed', 'Amphetamine', 'Stimulants', 'Cocaine']",13,['United Kingdom']
348,MrSoSa,[],0,[]
349,alphaking,[],0,[]
350,TheMajor,[],0,[]
351,vendorcz,[],0,[]
352,DutchDrugs,[],0,[]
353,High00,"['Methamphetamine', 'DMT', 'GHB', 'Mushrooms', 'Crack', 'MDMA', 'Weed']",9,['United States']
354,Blueskies1337,"['E-Books', 'Exploits', 'Miscellaneous', 'Other', 'Leaks', 'Benzos', 'Accounts & Drops', 'Rats']",22,['United States']
355,whitebuddha,['Cocaine'],2,['United States']
356,kingaccount,[],0,[]
357,Oregon21,"['Oxycodone', 'Benzos', 'Cards & CVV', 'LSD', 'Adderal', 'Opium', 'Methadone', 'DMT', 'Codeine', 'Ketamine']",44,['United States']
358,cmoney345,[],0,[]
359,originalgermed,['Oxycodone'],0,['Germany']
360,Cookiesncream,['Benzos'],0,['United States']
361,shimshai,['DMT'],7,['United States']
362,Drugbuster,['Cocaine'],0,['United Kingdom']
363,bestket,[],0,[]
364,GermanService,[],2,[]
365,delchapo,[],0,[]
366,amazoncrime,"['Methamphetamine', 'Services', 'Malware', 'Heroin', 'Hash', 'Amphetamine', 'Weed', 'Hacking']",24,['Austria']
367,Feinschmecker,"['Weed', 'Hash']",6,['Germany']
368,MickeyMouseNL,[],0,[]
369,Baronwhite,"['Mushrooms', 'Heroin', 'Seeds', 'Money', 'Other', 'DMT', 'Cards & CVV', 'Hash', 'Amphetamine', 'Weed', 'Methamphetamine', 'LSD', 'MDMA', 'XTC Pills', 'Concentrates', 'Stimulants', 'Oxycodone', 'Ketamine']",0,['United States']
370,whitebeer,[],0,[]
371,billybobshouse,[],0,[]
372,dexterslabs,[],0,[]
373,rosemanket,"['Money', 'Cocaine', 'XTC Pills', 'Benzos', 'Oxycodone', 'Ketamine', 'DMT', 'Fraud', 'Services']",0,['United States']
374,polarsprings,"['XTC Pills', 'Codeine', 'Methadone', '2C', 'Ketamine', 'Services', 'Weed', 'Benzos', 'Relaxants', 'Stimulants', 'Mushrooms', 'Oxycodone', 'MDMA', 'Hydrocodone', 'Heroin', 'Opium', 'Morphine', 'Money']",0,"['United States', 'Germany']"
375,SientificVendo,"['Weight Loss', 'Other', 'Heroin', 'Benzos', 'Stimulants', 'Amphetamine', 'Steroids', 'Relaxants', 'Ketamine', 'Codeine', 'Barbiturates']",49,['Germany']
376,ChampagnePapi,[],7,[]
377,hpharma,[],0,[]
378,idealpills,[],0,[]
379,smokydog,[],0,[]
380,TheDoctor,"['Stimulants', 'Mushrooms']",0,['Netherlands']
381,weedstore,['Weed'],22,['United States']
382,frankDuke,"['Money', 'Other']",0,['France']
383,Ables1,[],0,[]
384,charching187,[],0,[]
385,MORNINGSTAR,[],0,[]
386,colombiaconnec,[],0,[]
387,FantasticMrFox,"['Weed', 'Concentrates', 'Other']",1,['United Kingdom']
388,DutchDope,"['Weed', 'Amphetamine', 'LSD', 'MDMA', 'DMT']",0,['Netherlands']
389,medicwolf,"['Relaxants', 'Other', 'Benzos']",34,['Germany']
390,Budfather,[],0,[]
391,sixandeight,"['Dumps', 'Accounts', 'Fraud', 'Hacking', 'Security Software', 'Cards & CVV', 'E-Books', 'Other', 'Personal Info']",147,[]
392,jacksh,['Weed'],0,['France']
393,brainpuddles,['Benzos'],0,['United States']
394,Drugshouse,['Amphetamine'],0,['Germany']
395,rodrigo,"['Accounts', 'Fraud', 'Cards & CVV', 'Software Keys']",0,['Netherlands']
396,Tornad0cc,['Cards & CVV'],1,[]
397,Apothecarius,"['Steroids', 'Amphetamine', 'Benzos', 'Methamphetamine', 'Stimulants']",0,['United States']
398,TrumpTower,"['Heroin', 'Cocaine', 'Oxycodone', 'Methamphetamine', 'Benzos']",1,"['United Kingdom', 'United States']"
399,OxySixX,[],0,[]
400,ShroomTown,['Mushrooms'],37,['United States']
401,Krocodealer,['Cocaine'],0,['Germany']
402,monoko,"['Stimulants', 'Benzos', 'Weight Loss', 'Drugs']",350,['United Kingdom']
403,alwaysflakes,"['Oxycodone', 'Cocaine', 'MDMA', 'Heroin', 'MDA', 'Crack', 'Weed', 'Concentrates', 'XTC Pills', 'LSD', 'Benzos']",0,['United States']
404,Timmyturner,"['Heroin', 'Methamphetamine', 'Benzos', 'LSD', 'Ketamine']",4,['Netherlands']
405,benzosandweed,['Benzos'],9,['United Kingdom']
406,CheechandChong,['Cocaine'],550,['Germany']
407,topmoneymaster,"['Fraud', 'Hacking']",0,[]
408,Magelan,"['Fraud', 'Other', 'Accounts & Drops', 'Hacking', 'Cards & CVV', 'E-Books', 'Jewelry & Gold', 'Malware']",2,[]
409,greenman1804,['Drugs'],0,['United Kingdom']
410,DarkEX,"['Other', 'Fraud', 'Exploits']",0,[]
411,BobMarleyLux,['Hash'],0,[]
412,Thewingsfactor,"['Electronics', 'Cards & CVV']",7,['Belgium']
413,ASAPM0B,"['Heroin', 'Benzos', 'Heroin Black Tar', 'Accounts']",56,['United States']
414,friskmint,[],0,[]
415,DrBlow,"['Heroin Black Tar', 'Oxycodone', 'Cocaine', 'Benzos', 'Methamphetamine', 'MDMA', 'Mushrooms']",2,"['United States', 'United Kingdom']"
416,Logarithm,"['Accounts', 'Cards & CVV', 'Accounts & Drops', 'Personal Info', 'Socks', 'Data & Scans', 'Leaks']",106,[]
417,prmeth,['Methamphetamine'],3,['Australia']
418,bulkversion,[],0,[]
419,fractalworkshp,"['LSD', 'Concentrates']",0,['United States']
420,NetflixKing,[],0,[]
421,MrGrumpy,['Benzos'],14,['United Kingdom']
422,PSCorp,[],0,[]
423,usefulcolgate,"['Money', 'Cards & CVV', 'Accounts & Drops']",0,[]
424,CalGreen,[],0,[]
425,alfa,"['LSD', 'Amphetamine', 'Stimulants', 'XTC Pills', 'Adderal']",0,['Netherlands']
426,dmtking,"['Mushrooms', 'DMT']",9,['Spain']
427,TheBodyShop,"['Benzos', 'Drugs', 'Steroids']",31,"['Netherlands', 'India']"
428,rockleo,['Cards & CVV'],0,[]
429,Ateam,"['Ketamine', 'XTC Pills', 'LSD', '2C']",10,['Netherlands']
430,RaveDave23,[],0,[]
431,sadat,['Concentrates'],0,['Spain']
432,tornadotravel,"['Adderal', 'Services']",0,['United States']
433,slipperypete,[],0,[]
434,Partydrugnl,"['Cocaine', 'Ketamine', 'Methamphetamine', 'XTC Pills']",4,['Netherlands']
435,hoheajaunn,[],0,[]
436,kingslayer91,"['Hacking', 'Fraud', 'Accounts']",11,[]
437,streetplugz,"['Benzos', 'Cocaine', 'Other', 'Stimulants']",21,['United States']
438,EUCarder,[],0,[]
439,TyskieCrew,"['MDMA', 'Weed', 'Stimulants']",18,['Germany']
440,Paradise420,['Weed'],53,['Germany']
441,Riskking20,['Personal Info'],0,[]
442,howardmarks,[],0,[]
443,hollandfrans,"['MDMA', 'XTC Pills', 'Weed', 'Hash', '2C']",0,['Germany']
444,DoctorXanax3,[],0,[]
445,ProAusDrops,[],0,[]
446,Pegasus,"['Hacking', 'Malware', 'Fraud', 'Cards & CVV', 'E-Books', 'Security', 'Software Keys']",3,[]
447,Naag,"['Videos & Photos', 'Fake IDs', 'E-Books', 'Services']",0,[]
448,TheStudentShop,"['Amphetamine', 'Heroin', 'MDMA']",5,['Netherlands']
449,NotSoAverage,['Benzos'],9,['United States']
450,GreenLanternUK,"['Edibles', 'Weed']",7,['United Kingdom']
451,Ataraxie,[],0,[]
452,themaster2021,[],0,[]
453,highsierra,['Mushrooms'],5,['United States']
454,SantaLucia,['Benzos'],0,['United States']
455,twinkies,[],0,[]
456,Royalistiq,"['MDMA', 'Ketamine']",1,['Netherlands']
457,WeedShopHulk,[],0,[]
458,NextLevel,"['Cocaine', 'MDMA', 'XTC Pills', 'Stimulants', 'LSD', 'Ketamine', 'Amphetamine', 'Methadone', 'Benzos', 'Hash', 'Steroids']",124,['Netherlands']
459,Alphamega,"['Accounts & Drops', 'Fake IDs', 'Money', 'Dumps', 'Fraud', 'Cards & CVV']",0,['Belgium']
460,exotixhighclub,[],0,[]
461,goldkey,['Methamphetamine'],0,['Canada']
462,drugshub,[],0,[]
463,mushmush,[],0,[]
464,happyshopper,"['Amphetamine', 'Benzos']",20,['United Kingdom']
465,salamander,[],42,[]
466,anonyps,['Personal Info'],6,[]
467,ByronbayweedCo,"['Weed', 'LSD']",0,['Australia']
468,alldeals,"['Methadone', 'Cocaine', 'Weed', 'Steroids', 'Mushrooms', 'Ephedrine & Pseudoephedrine', 'Heroin Black Tar', 'Codeine', 'Oxycodone', 'Stimulants', 'XTC Pills', 'Morphine', 'Fake IDs', 'Hash', 'Benzos']",0,['United States']
469,Hilfiger,"['Cocaine', 'Benzos', 'Oxycodone', 'Opium', 'Codeine']",1,['United Kingdom']
470,donalddrugs,"['Amphetamine', 'XTC Pills', 'LSD', 'Cocaine']",2,['Netherlands']
471,chemzy007,['Ketamine'],4,['China']
472,savehndl,[],0,[]
473,truegenerics,"['Stimulants', 'Relaxants']",1,['India']
474,quasi,"['Methamphetamine', 'Heroin Black Tar']",25,['United States']
475,CvsPharmacy,"['XTC Pills', 'Stimulants']",3,['United States']
476,smitty5106222,"['Cards & CVV', 'Accounts & Drops']",7,[]
477,Pygmalion,[],0,[]
478,ladysky,"['Ketamine', 'Adderal', 'Cards & CVV', 'Methamphetamine', 'Money', 'Oxycodone', 'Benzos', 'Stimulants']",27,['United States']
479,etimbuk,"['Services', 'Accounts']",3,[]
480,chechegermany,"['Weed', 'Amphetamine']",1,['Germany']
481,kamagra4bitcoi,[],0,[]
482,benzoworld,"['Benzos', 'Hydrocodone', 'Stimulants']",0,['United States']
483,CozyJazz,[],0,[]
484,TRASHBAG,[],0,[]
485,revenantchild,"['Weed', 'Mushrooms']",0,['South Africa']
486,HunterRX25,[],0,[]
487,rollsroice1,[],0,[]
488,dutchlab,[],0,[]
489,dutchdreamz,"['XTC Pills', 'Ketamine', '2C']",0,['Netherlands']
490,weloveshrooms,['Mushrooms'],9,[]
491,WeedMaster33,"['Hash', 'Weed']",0,['Spain']
492,HilfigerWW,"['Crack', 'Benzos', 'Stimulants', 'Adderal', 'Cocaine', 'Amphetamine', 'Oxycodone', 'Heroin Black Tar']",9,"['United States', 'Germany']"
493,songoku1004,"['Socks', 'Accounts & Drops', 'Cards & CVV', 'E-Books']",0,[]
494,Ausverkauf,[],0,[]
495,EmpireTeam,['Cocaine'],0,['United States']
496,streetpushers,"['Cocaine', 'Ketamine', 'Adderal', 'Weed', 'Morphine', 'Oxycodone', 'Money', 'Other', 'Hydrocodone', 'Methadone', 'Fake IDs', 'Stimulants']",11,['United States']
497,ActiveJ,['Cocaine'],0,['United Kingdom']
498,8drugsafe,[],0,[]
499,SocialMedia,"['Other', 'Services']",115,[]
500,FASTmedsUK,[],0,[]
501,drugsfarm,"['Cocaine', 'Amphetamine']",73,"['Netherlands', 'Germany']"
502,Bestplug,"['Cards & CVV', 'Services', 'Money', 'Heroin Black Tar', 'Ketamine', 'MDMA', 'Oxycodone', 'Fraud']",0,['United States']
503,Muse,['Mushrooms'],0,['Canada']
504,FullzRus,"['Accounts', 'Other', 'Personal Info']",50,[]
505,ausx,[],0,[]
506,GoldApple,"['Data & Scans', 'Other', 'Databases']",360,[]
507,snowwhite38,"['Cocaine', 'Weed']",17,['Germany']
508,ThreeKings,[],0,[]
509,ballsdeep,[],0,[]
510,GQDS24,"['Weed', 'Hash', 'Stimulants']",0,['Germany']
511,TheodorMorell,"['Heroin', 'Cocaine', 'MDMA', 'Crack']",4,['Netherlands']
512,COCALERO,[],0,[]
513,Queen,['Software Keys'],106,[]
514,Discover,"['Benzos', 'Adderal', 'Stimulants']",17,['United States']
515,superwave,['Benzos'],0,['United States']
516,TheJournalShop,[],0,[]
517,happymates,['Weed'],0,['United Kingdom']
518,GreenWood,[],0,[]
519,trebol,[],0,[]
520,themodsquad,"['Stimulants', 'Mushrooms']",8,['United States']
521,BreakingCrack,[],0,[]
522,ThePsycheNexus,['Ketamine'],5,['United Kingdom']
523,DutchHope,"['Stimulants', 'Ketamine', '2C']",11,['Belgium']
524,Kingscan,"['Data & Scans', 'Fake IDs']",12,[]
525,comberUK,[],0,[]
526,PsyShopHQ,[],0,[]
527,Syku71,[],0,[]
528,darkchick,"['Stimulants', 'Morphine']",5,['Austria']
529,SilkroadDach,[],0,[]
530,daUSAplug,['LSD'],0,['United States']
531,INSTANTGRAM,[],0,[]
532,Idle,"['Personal Info', 'Fraud', 'Accounts & Drops', 'Databases', 'Services']",0,[]
533,bestbenzos,[],4,[]
534,ozcontrol,"['Methoxetamine', 'Heroin', 'Methamphetamine', 'Cocaine']",0,['Australia']
535,Dimma,"['Benzos', 'Oxycodone', 'Crack']",2,['United Kingdom']
536,r0cc0,"['Cocaine', 'MDMA', 'Amphetamine', 'XTC Pills']",6,['Netherlands']
537,nphash,['Hash'],0,['Nepal']
538,DrugsInc,"['Amphetamine', 'XTC Pills']",6,"['Germany', 'Australia']"
539,kimono,[],0,[]
540,simplyhigh,[],0,[]
541,lSLYSELLERl,"['Accounts & Drops', 'Personal Info', 'Cards & CVV', 'Services', 'Data & Scans']",0,[]
542,XanaxNDD,"['Drugs', 'Other', 'Benzos', 'Relaxants']",1,['United Kingdom']
543,NarcosHolland,[],0,[]
544,bud4less,"['XTC Pills', 'Hydrocodone', 'Weed', 'Edibles', 'Cocaine']",1,['United States']
545,TheCheekyGirls,"['RCs', 'Cocaine']",1,['United Kingdom']
546,g3cko,"['Other', 'Videos & Photos', 'Security Software', 'Exploits', 'Fraud', 'Cards & CVV', 'Security', 'Malware', 'Accounts', 'VPN']",259,[]
547,Kaliflora,['Weed'],4,['United States']
548,victorviran,[],0,[]
549,drdacky11,"['Cocaine', 'Fraud', 'Other', 'Weed', 'Drugs', 'Hydrocodone', 'Accounts', 'XTC Pills', 'Money', 'Morphine', 'Accounts & Drops', 'Ketamine', 'Methadone', 'Oxycodone']",0,['United States']
550,RoadTraveler,"['Benzos', 'Concentrates']",9,['United States']
551,BRwhite,[],0,[]
552,Thuggaking54,[],0,[]
553,Ireland,[],0,[]
554,HighClass,[],0,[]
555,fraudbuddy,"['Accounts & Drops', 'Accounts', 'Fraud', 'Data & Scans', 'Cards & CVV', 'Drugs']",50,[]
556,gainsprovider,[],0,[]
557,TheJourney,"['DMT', 'Mushrooms']",9,"['Germany', 'France']"
558,accountmaster,[],0,[]
559,MassaLiaPan,"['Hacking', 'Malware', 'Fraud']",0,[]
560,theincredibles,[],0,[]
561,CaliforniaCrim,"['Other', 'Hacking', 'Fraud', 'E-Books', 'Methamphetamine']",3,['United States']
562,ToppyUKShop,[],0,[]
563,gofast36,"['Hash', 'Heroin', 'Amphetamine', 'XTC Pills', 'Cocaine', 'MDMA']",7,['Germany']
564,ap09dx,[],0,[]
565,estafador,"['Accounts', 'Fraud', 'Personal Info']",2,[]
566,FedEx,[],0,[]
567,FishscaleCanad,['Cocaine'],1,['Canada']
568,kim0ra,['Cards & CVV'],6,[]
569,crazycandy,[],0,[]
570,mrscruff2019,['GBL'],1,['United Kingdom']
571,BenzoKingUK,"['Benzos', 'Heroin', 'Adderal', 'Cocaine', 'Oxycodone']",0,"['United Kingdom', 'United States']"
572,MaxundMoritz,"['Hash', 'Weed', 'Methamphetamine', 'Cocaine']",143,['Germany']
573,pillplugpaul,['Oxycodone'],0,['United States']
574,AshJWilliams,['Mushrooms'],0,['Slovenia']
575,powercenter,"['E-Books', 'Fake IDs', 'Data & Scans', 'Hacking', 'Databases', 'Services', 'MDA']",0,['United States']
576,SweetGreenUK,[],0,[]
577,matsukiyo,"['Seeds', 'Mushrooms', 'LSD']",0,['Japan']
578,DrugHero,['Cocaine'],45,[]
579,breitling,[],0,[]
580,FastGermanDeal,"['Cocaine', 'LSD', 'XTC Pills']",3,['Germany']
581,ccvfreegary,[],0,[]
582,WholeSaleDept,['Cards & CVV'],0,[]
583,stonedhomer,[],0,[]
584,imyourdoctor,['Benzos'],2,['United Kingdom']
585,lordsheng,[],0,[]
586,plutus,"['Fraud', 'Accounts & Drops', 'Cards & CVV', 'Data & Scans']",63,[]
587,MinerOfTHC,['Weed'],12,['Switzerland']
588,BENZ,"['Amphetamine', 'XTC Pills']",18,['Germany']
589,unsullied,['Oxycodone'],0,['United States']
590,Topdog,['LSD'],1,['Finland']
591,lordofweed,['Weed'],0,['Greece']
592,shinyflakez,"['Amphetamine', 'Methamphetamine']",1,['Netherlands']
593,JanesAddiction,"['MDMA', 'Methamphetamine', 'Cocaine']",75,['United States']
594,globaltraders,[],0,[]
595,VersaceForest,[],0,[]
596,galbani12,[],0,[]
597,fastpharma,['Adderal'],2,['Netherlands']
598,chosek,['Weed'],0,['Switzerland']
599,ThePharmacist,"['Steroids', 'Other', 'RCs', 'Weight Loss', 'Benzos']",17,[]
600,mrweedmanuk,['Hash'],6,['United Kingdom']
601,DrWhit3,[],0,[]
602,ONEMILLION,[],0,[]
603,troll4,[],0,[]
604,Deus,['Mushrooms'],1,['United States']
605,parson,['Accounts'],3,[]
606,cleanbandit,[],0,[]
607,Onepiece,"['Fraud', 'Cards & CVV']",602,[]
608,dopenation,[],0,[]
609,chernobyl,['Steroids'],0,['Hong Kong']
610,Hofmanncrew,[],0,[]
611,BestPal,[],0,[]
612,dutchcrazy,['Amphetamine'],1,['Netherlands']
613,actioneu,['Methamphetamine'],1,['Netherlands']
614,DutchFrenchTeam,"['XTC Pills', 'Other', 'Cocaine', 'Hash', 'Weed', 'Methamphetamine', 'LSD', 'MDMA', 'Heroin', 'Ketamine']",11,['France']
615,Instadrugs,['Weed'],0,['Germany']
616,onestopshop,"['Oxycodone', 'Benzos']",0,['United States']
617,MushroomFarm,['Mushrooms'],0,['United States']
618,mrsfrank,[],0,[]
619,CashKing,"['Codeine', 'Benzos', 'Weight Loss', 'Other', 'Stimulants']",2,['United Kingdom']
620,WeAreAMSTERDAM,[],0,[]
621,TopShellNL,"['Weed', '2C', 'RCs', 'MDMA', 'Cocaine']",1,['Netherlands']
622,ricksick,[],0,[]
623,Eleria,"['Weed', 'Benzos', 'Cocaine']",12,['Germany']
624,perfectmeds,[],0,[]
625,rvaska,[],0,[]
626,usdrill,"['Adderal', 'Benzos', 'Cocaine', 'Heroin', 'Methamphetamine', 'XTC Pills', 'Oxycodone', 'GHB', 'Weed', 'MDMA']",5,"['Germany', 'United States', 'Australia']"
627,ezinpharma,[],0,[]
628,Hollowaystore,['Weed'],0,['United Kingdom']
629,MadeInFrance,[],0,[]
630,deepsgang,"['Oxycodone', 'Heroin']",0,['United States']
631,Cannasanlight,['Weed'],1,['Germany']
632,alphapharmaltd,"['Oxycodone', 'Money', 'Morphine', 'Weed', 'Methadone', 'Benzos', 'Cocaine', 'Hydrocodone']",0,"['United States', 'Russian Federation']"
633,CARDINGMAN,"['Money', 'Methamphetamine', 'RCs', 'Fake IDs', 'Cards & CVV', 'Weed', 'Benzos', 'Morphine', 'DMT', 'Other', 'Hydrocodone', 'Services']",5,"['United States', 'Germany', 'United States Minor Outlying Islands']"
634,DRUGMAZON,[],0,[]
635,ClicknBuy,[],0,[]
636,darkweeder,"['Weed', 'Amphetamine']",6,['Germany']
637,doctorupper,['Cards & CVV'],0,['Germany']
638,AllNatura,['Weed'],9,['Germany']
639,spanishconnect,[],0,[]
640,Mind,[],0,[]
641,sluts,['Methamphetamine'],16,['United States']
642,bobmarleyman,"['MDMA', 'Ketamine']",4,['United Kingdom']
643,jamesplug21,"['Cocaine', 'Hydrocodone', 'Weed', 'LSD', 'XTC Pills', 'Mushrooms', 'Oxycodone', 'MDMA', 'Heroin Black Tar']",7,"['United States', 'Australia']"
644,Sunshining,['Mushrooms'],0,['Netherlands']
645,jackson,"['RCs', 'Paraphernalia', 'Hash', 'Phenyl-2-propanone', 'Weight Loss', 'Barbiturates', 'Tobacco']",0,['United States']
646,backatit28,"['Weed', 'Oxycodone', 'MDMA']",3,['United States']
647,oxytop,"['Oxycodone', 'Codeine', 'Benzos']",0,['United States']
648,hypnotoad,"['Benzos', 'Barbiturates', 'GHB', 'GBL', 'Ketamine', 'Cocaine']",10,['United Kingdom']
649,Amazon,[],0,[]
650,Lucky7,"['Crack', 'MDMA', 'Ketamine', 'Heroin', 'Cocaine']",11,['Netherlands']
651,MrBlueman,[],0,[]
652,bajie1,"['Accounts & Drops', 'Accounts', 'Cards & CVV', 'Dumps']",16,[]
653,wealthly2021,"['Personal Info', 'Accounts', 'Data & Scans', 'Security', 'Other', 'Accounts & Drops', 'Dumps', 'Fraud']",28,[]
654,sawinc,['Heroin'],0,['France']
655,authenticity,"['Data & Scans', 'Personal Info', 'Cards & CVV']",0,[]
656,Needaweed,"['XTC Pills', 'Hash', 'Weed']",1,['Netherlands']
657,GodOfOpium,['Opium'],16,['United Kingdom']
658,moneywave,[],0,[]
659,Chang1993,"['Heroin Black Tar', 'XTC Pills', 'Concentrates', 'RCs', 'Oxycodone', 'Benzos', 'Methamphetamine', 'Other', 'LSD', 'Adderal']",5,"['United States', 'China']"
660,godsend,[],0,[]
661,kingjames,"['Benzos', 'Cocaine', 'Weed', 'Hash', 'Cards & CVV', 'Accounts & Drops', 'Edibles', 'Oxycodone', 'Services', 'Mushrooms', 'Stimulants', 'Morphine', 'MDMA', 'LSD', 'Concentrates', 'XTC Pills', 'Fake IDs', 'Adderal', 'Other', 'DMT', 'Seeds', 'Codeine']",0,"['United States', 'United Kingdom']"
662,CardBoss,[],0,[]
663,Peppman,['Amphetamine'],0,['Germany']
664,mclovin87,['Cocaine'],0,['United Kingdom']
665,highquality,[],0,[]
666,DrsGam,[],0,[]
667,Sonetoo21,"['Other', 'Stimulants', 'Adderal', 'Cards & CVV', 'Methadone', 'Heroin']",0,['United States']
668,rangosmoke,"['Cocaine', 'Crack']",2,['United States']
669,montecrypto,"['Hacking', 'Services', 'Socks', 'Databases', 'Accounts']",0,[]
670,Narco24,"['2C', 'Cocaine', 'XTC Pills', 'Amphetamine', 'MDMA', 'Methamphetamine', 'Hash', 'LSD', 'Ketamine', 'Weed']",11,['Germany']
671,Justporn,[],0,[]
672,cerberusuk,[],0,[]
673,joco0000,['Tobacco'],0,['Slovenia']
674,Pushar,[],0,[]
675,Epharma,[],0,[]
676,MrDispoman,['Concentrates'],1,['United States']
677,rugbykonix,"['Fraud', 'Drugs', 'Accounts', 'E-Books', 'Hacking']",149,[]
678,420Quality,['Weed'],0,"['United States', 'Uganda']"
679,C2C22,"['MDMA', 'Cocaine']",4,"['United States', 'United Kingdom']"
680,dhstranger,[],0,[]
681,TacoTruck,"['Heroin', 'Heroin Black Tar', 'Methamphetamine']",28,['United States']
682,WeedStarTHC,['Edibles'],2,['United Kingdom']
683,HighFly,"['Concentrates', 'Weed', 'Edibles']",0,['United States']
684,HazeShopDe,['Weed'],0,['Germany']
685,AddamsFamily,[],0,[]
686,DrugAmazon,"['Amphetamine', 'Weed', 'RCs', 'Drugs', 'Ketamine', 'Hash', 'Cocaine', 'A-OIL', 'MDMA']",72,['Germany']
687,StudyingSteve,['Stimulants'],0,['Australia']
688,WhiteRepublic,[],0,[]
689,psynade,[],0,[]
690,Fairfax,"['XTC Pills', 'LSD', 'Weed', 'Heroin', 'Hash']",19,"['Netherlands', 'Germany']"
691,malphas,[],5,[]
692,studentshelp,"['Adderal', 'Hash', 'Weed']",6,['Germany']
693,PostNL,[],0,[]
694,N1TM,[],0,[]
695,phil,[],0,[]
696,drugsparty321,['Amphetamine'],2,['Netherlands']
697,StarBud2,[],0,[]
698,kings,"['Oxycodone', 'Hydrocodone', 'Cocaine', 'Adderal', 'Codeine', 'Ketamine', 'Weed', 'Stimulants', 'XTC Pills', 'Benzos', 'Morphine']",14,['United States']
699,jjkifft,[],0,[]
700,orangebud,[],0,[]
701,ADHD,['Amphetamine'],40,['Netherlands']
702,SpacePope,[],0,[]
703,DoctorCannabis,['Weed'],0,['Antarctica']
704,lafiliere,[],5,[]
705,zues,['Weed'],18,['Australia']
706,royalfam,[],0,[]
707,gsquad,[],0,[]
708,Biopharmacy,"['Weed', 'MDMA', 'Ketamine', 'Oxycodone', 'Heroin', 'Benzos', 'Codeine', 'Morphine', 'Cocaine', 'Opium', 'Methamphetamine', 'Adderal']",1,['United States']
709,boomshankar,"['DMT', '5-MeO', 'Mescaline', 'LSD', 'Mushrooms', 'Salvia', 'RCs', 'Psychodelics']",12,"['Mexico', 'United Kingdom']"
710,lazipette,"['XTC Pills', 'MDMA', 'Ketamine']",0,['France']
711,alienlabs,['Weed'],0,['Spain']
712,blaze10024,[],0,[]
713,SharkHash,['Hash'],1,['Spain']
714,babaweed,['Weed'],0,['Spain']
715,alino,"['MDMA', 'Heroin', 'Cocaine', 'Heroin Black Tar', 'Weed']",0,['United States']
716,kalinux,"['Dumps', 'Personal Info']",0,[]
717,crystalmagik,[],0,[]
718,DrugzkingNL,[],0,[]
719,realfknhigh,"['Weed', 'Paraphernalia']",0,['Australia']
720,xDrGreenThumbx,['Weed'],0,['Australia']
721,vicvega,[],0,[]
722,Gingercrew,['Weed'],10,['United Kingdom']
723,cheapboost,[],0,[]
724,DrOz,['Benzos'],1,['Australia']
725,OdysseyCorp,[],0,[]
726,xanaxman,"['Oxycodone', 'Hydrocodone', 'Benzos', 'Methamphetamine', 'Heroin', 'Ketamine', 'MDMA']",9,['United States']
727,tornadoengine,['Money'],0,['Turkey']
728,blackmidas,[],0,[]
729,organicvalley,[],0,[]
730,dop3dealz,[],0,[]
731,brawly11,[],0,[]
732,fmgermany,['Money'],25,['Germany']
733,buds,[],0,[]
734,kamagralink,"['Stimulants', 'Benzos', 'Relaxants', 'Other']",12,['United Kingdom']
735,brightstar,[],3,[]
736,Suriv01,[],0,[]
737,swimboy0084,[],0,[]
738,rinyus,[],0,[]
739,cannachef123,['Edibles'],5,['United States']
740,POSTMANPILL,[],0,[]
741,bitcointhief,['Fraud'],1,[]
742,bitbuds,['Weed'],0,['United States']
743,barguys,['Benzos'],9,"['United States', 'United Kingdom']"
744,Rauschbad,[],0,[]
745,BigPenis,"['Stimulants', 'Accounts & Drops']",0,['Germany']
746,VERSANDFREI,[],0,[]
747,strassenapo,[],0,[]
748,NWCS,[],0,[]
749,M3DUSA,"['Amphetamine', 'MDMA', '2C', 'LSD']",59,['Germany']
750,bluemagic,"['Benzos', 'Amphetamine', 'Cocaine']",0,['United Kingdom']
751,pinkcard,"['Accounts', 'Accounts & Drops', 'Cards & CVV', 'Fake IDs']",8,[]
752,mark24,['Stimulants'],1,['United Kingdom']
753,bestgroup,"['Steroids', 'Paraphernalia']",0,['India']
754,Bigone1,[],0,[]
755,rapidacja,['Mushrooms'],0,['Poland']
756,GreenDeal,"['Hash', 'Edibles']",0,['Denmark']
757,Highinsky369,['Cocaine'],0,['United Kingdom']
758,ananasexpress,[],65,[]
759,Mariegin,"['LSD', 'Edibles']",2,['France']
760,z0loft,"['MDMA', '2C', 'Hosting', 'XTC Pills', 'Benzos']",0,['Germany']
761,egoods,"['Data & Scans', 'Personal Info', 'Accounts & Drops']",1031,[]
762,probitexchange,[],0,[]
763,speedytv4you,[],0,[]
764,CanadianFIRE,"['MDMA', 'XTC Pills']",0,['Netherlands']
765,andreasrybak,['Drugs'],0,[]
766,TheJoker,"['Hash', 'RCs', 'XTC Pills', 'Other', '2C', 'Cocaine', 'Paraphernalia', 'LSD', 'Edibles', 'Stimulants', 'Benzos', 'Relaxants', 'MDMA', 'Weed', 'Heroin Black Tar', 'GHB', 'Concentrates']",18,['United States']
767,wochris,"['Weed', 'Concentrates', 'Seeds', 'Edibles']",9,['Spain']
768,FerryBoumanNL,[],0,[]
769,PharmaUK,[],0,[]
770,melvinbankz,"['Accounts & Drops', 'Personal Info', 'Fraud', 'Cards & CVV']",4,[]
771,Hackyboy,"['Money', 'Fraud', 'Cards & CVV']",43,['Belgium']
772,fastandsafe,[],0,[]
773,JetFuel247,"['Adderal', 'Relaxants']",7,['United Kingdom']
